"Um canal, é? Fascinante. Se tivéssemos uma balsa, poderíamos deixar para trás esses dias de correr sem fim.","A canal, is it? Fascinating. If we had a ferry, we could put these days of endlessly running about behind us.","¿Un canal? Si tuviéramos un transbordador, podríamos dejarnos de caminatas."
"Mas você não flutua em todos os lugares mesmo?","Don't you just float everywhere anyway?","¿Y a ti qué más te da? ¡Tú levitas!"
"Você acha que sou carregado pelo vento, rapaz? É preciso ter resistência para manter essa altura!","Do you think I am borne aloft by the winds, lad? It takes stamina to maintain this height!","¿Crees que me mantiene el viento? Yo también me canso."
"Ah... Sério?","Oh... Really?","Anda... ¿En serio?"
"Você poderia pelo menos tentar esconder a total preocupação, sabe...","You could at least try to hide the utter dismay, you know...","¡Al menos intenta disimular la decepción!"
"Eu aposto que esse homem sabe mais sobre a fuga de sua esposa do que ele está deixando transparecer...","I'm willing to bet that man knows more about his wife absconding than he is letting on...","Me apuesto lo que sea a que sabe más de lo que dice sobre su esposa fugada."
"Sim, também estou curioso mas, por enquanto, devemos nos concentrar em encontrá-la.","Yeah, I'm curious, too—but for now, we should just focus on finding her.","A mí también me genera curiosidad, pero tenemos que centrarnos en encontrarla."
"Se ela realmente deixou esta encantadora aldeia, encontrá-la pode ser muito difícil.","If she has truly left this charming hamlet, finding her may prove most difficult indeed.","Si de verdad ha abandonado esta bonita aldea, encontrarla va a ser complicado."
"Só espero que ela não tenha sido atacada por Sombras ou algo assim...","I just hope she hasn't been attacked by Shades or anything...","Solo espero que no la hayan atacado las Sombras, ni nada por el estilo..."
"Hmm... Algo naquela Sombra parece meio... estranho.","Hmm... Something about that Shade seems rather...odd.","Mmm... Hay algo raro en esa Sombra."
"Não consigo imaginar que a mulher da bolsa vermelha tenha ido se aventurar tão longe.","I cannot imagine the woman with the red bag would have ventured this far.","No creo que la mujer del zurrón rojo pudiera llegar tan lejos."
"Talvez nosso tempo seja melhor gasto focando em uma busca pelas planícies do sul.","Perhaps our time would be best spent focusing on a search of the southern plains.","Quizá deberíamos buscar en las llanuras del sur."
"Aquela Sombra deixou cair algo. É melhor voltarmos para pegar.","That Shade dropped something. We had best return to claim it.","Esa Sombra ha soltado algo. Volvamos a recogerlo."
"Oh, céus, isso foi cansativo...","Heavens, that was exhausting...","Madre mía, ha sido agotador..."
"Nem me fala. De qualquer forma, vamos deixar Popola atualizada sobre o caso.","Tell me about it. Anyway, let's go give Popola an update.","Qué me vas a contar. En fin, vamos a avisar a Popola."
"O casal com as bolsas vermelhas com certeza é bem estranho.","The couple with the red bags were a strange pair indeed.","La pareja del zurrón rojo era de lo más peculiar."
"A relação desses dois tem tantas brigas que confunde minha mente ao pensar que o relacionamento persiste.","It boggles the mind to think their relationship can persist despite such intense squabbling.","Resulta increíble que su relación sobreviva a discusiones de esa envergadura."
"Bom, eles pareciam bem felizes no final, pelo menos.","Well, they looked pretty happy in the end, at least.","Bueno, por lo menos al final parecían bastante felices."
"Talvez o segredo pra viver uma vida feliz seja compartilhar seus sentimentos mesmo que eles sejam meio maldosos e estranhos.","Maybe the secret to living a happy life is sharing your feelings even when they're sorta mean and weird.","Tal vez ese sea el secreto de la felicidad: compartir cualquier sentimiento."
"Se você adotar tal estratégia, eu posso ir às compras um dia e nunca mais voltar...","If you adopt such a strategy, I may leave for groceries one day and never return...","Si adoptas esa estrategia, quizás salga un día a hacer recados y no vuelva..."
"Que excelente notícia saber que o canal está concluído! Espero que isso ponha fim aos nossos dias de correria.","How excellent to know the canal is finished! Hopefully this puts our days of running all over behind us.","¡Qué bien que hayan terminado el canal! Espero que no haga falta correr más."
"Quanto mais rápido pudermos nos locomover, mais rápido poderemos salvar Yonah.","The faster we can move, the faster we can save Yonah.","Cuanto más rápido avancemos, antes salvaremos a Yonah."
"Vamos usá-lo sempre que precisarmos.","Let's use it as often as we need.","Aprovechémoslo siempre que nos haga falta."
"Isso parece terrivelmente familiar.","This feels alarmingly familiar.","Esto me resulta demasiado familiar."
"Pah! Certamente aquele casal está passando por outra de suas discussões tolas.","Pah! I'm sure that couple is merely having another one of their inane spats.","¡Fua! Seguro que la pareja está con una de esas discusiones absurdas de nuevo."
"Façamos de tudo para não nos envolvermos desta vez, mmm?","Let us do our utmost not to get dragged into it this time, mmm?","Hagamos lo posible para no vernos arrastrados a ella de nuevo, ¿vale?"
"E lá vamos nós de novo! *suspiro* Devemos começar perguntando na taberna como antes?","And here we go again! *sigh* Shall we begin by asking around at the tavern like before?","¡Otra vez! *suspiro* ¿Y si empezamos preguntando en la taberna, como antes?"
,,
,,
,,
,,
"E pensar que as brigas mesquinhas daquele casal se tornaram um atrativo para os moradores locais...","To think that couple's petty squabbles have become something of an attraction for the locals...","Las riñas de la pareja se han convertido en una atracción para los vecinos..."
"Não tô nem um pouco surpreso.","Doesn't surprise me in the least.","No me sorprende ni lo más mínimo."
"Ver pessoas assim dá uma animada na nossa vida, sabe?","Seeing people like that puts a little spring in your step, you know?","Ver a gente así me llena de energía, ¿sabes?"
"Vocês humanos de fato são um grupo irritante. Tal palhaçada não faz nada além de desgastar este velho tomo!","You humans truly are a maddening bunch. Such buffoonery does little more than wear this old tome out!","Los humanos sois irritantes. Tanta payasada hace que me desgaste."
"Nós procuramos nas planícies do sul quando ela fugiu, certo?","We searched the southern plains back when the wife ran off, too, right?","Cuando la mujer huyó, también buscamos por las llanuras del sur, ¿no?"
"Eu acredito que sim.","I believe we did, yes.","Eso creo, sí."
"Muita coisa mudou desde então, então é legal quando encontramos algo que não mudou.","A lot's changed since then, so it's kinda nice when we find something that hasn't.","Mucho ha cambiado desde entonces, pero me alegra ver que no todo lo ha hecho."
"O fato de que o casal ainda está discutindo quase me enche de... Eu não sei. Esperança, eu acho.","The fact that couple is still arguing almost fills me with...I dunno. Hope, I guess.","Ver a esa pareja discutiendo aún, me genera... esperanza, supongo."
"Se me permite, aquele casal em particular poderia se beneficiar de um pouco de mudança...","If you ask me, that particular couple could benefit from a little change...","Yo pienso que a esa pareja le vendría bien un pequeño cambio..."
"Pah! Eu não consigo acreditar quantas viagens fizemos só para rastrear um único homem!","Pah! I cannot believe how many trips we have made simply to track down a single man!","¡Bah! La de vueltas que hemos dado para encontrar a un solo tipo."
"Tá tudo bem fazer coisas desse tipo de vez em quando.","It's all right to do this kind of thing every now and then.","Eh, no hay nada de malo en hacer este tipo de cosas de cuando en cuando."
"Só espero que essa calmaria não preceda nenhum tipo de tempestade...","I only pray this is not the calm before some manner of storm...","Solo espero que esta no sea la calma que precede a la tormenta..."
,,
"Diga-me, rapaz. Você já redigiu uma missiva?","Say there, lad. Have you ever penned a missive?","Oye, muchacho. ¿Alguna vez has redactado una misiva?"
"Você quis dizer uma carta? Não sou muito bom em escrever. Sempre levo uma eternidade para descobrir o que quero dizer.","You mean a letter? No. I'm not big on writing. It always takes me forever to figure out what I want to say.","¿Una carta, dices? No es lo mío. Siempre me cuesta saber lo que quiero decir."
"O que há para ""descobrir""? Simplesmente se pega a pena na mão e se despeja a alma na página!","What's to ""figure out""? One simply takes quill in hand and unleashes their soul upon the canvas of the page!","¡Ni falta que hace! ¡Tú coges la pluma y plasmas tu alma en las páginas!"
"Que seja, Weiss.","Whatever you say, Weiss.","Lo que tú digas, Weiss."
,,
,,
,,
"Um naufrágio, é isso? Presumo que nós devemos investigar, já que não temos outras pistas viáveis.","A shipwreck, is it? I suppose we might as well investigate, seeing as how we lack any other tenable leads.","¿Un barco encallado? Podríamos investigarlo, no tenemos otra pista mejor."
"Certo. Vamos em direção à enseada.","Right. Let's head for the inlet.","De acuerdo. Vamos a la ensenada."
"Kainé? Emil?","Kainé? Emil?","¿Kainé? ¿Emil?"
"Precisamos encontrar uma maneira de entrar nessa coisa.","We're gonna need to figure out some way to get inside that thing.","Tenemos que encontrar una forma de entrar ahí."
"Este navio está em um estado de total decadência. Certamente podemos encontrar um buraco ou algo do tipo se nos concentrarmos nisso.","This ship is in a state of wanton decay. Surely we can find a hole or some such if we put our minds to it.","Este barco ha visto días mejores. Seguro que podemos encontrar algún agujero."
"Este lugar é bem sombrio; É difícil imaginar qualquer morador da cidade passando perto daqui.","This place is pretty gloomy; I'm having a hard time imagining any townsfolk hanging around here.","Qué lúgubre todo. No me imagino a los lugareños en un sitio así."
"Bem, já que não temos outras pistas... que a busca comece!","Well, as we've no other leads...let the search begin!","Como no tenemos más pistas... ¡que comience la búsqueda!"
,,
,,
,,
,,
,,
,,
,,
,,
,,
,,
,,
"Muitos utensílios de cozinha aqui. Eu acho que esta era a cozinha.","Lotta cookware in here. I'm guessing this was the kitchen.","Veo muchos utensilios para cocinar, así que supongo que era la cocina."
"Isso explicaria por que cheira a óleo.","That would explain why it reeks of oil.","De ahí el intenso olor a aceite."
"Pra quê que ESSA SALA servia?","What the heck was THIS room for?","¿Qué demonios hacían en esta habitación?"
"Ooo, olhe as caixas! Vamos dar uma olhada dentro.","Ooo, look at the boxes! Let's peek inside.","¡Anda, mira las cajas! Vamos a echarles un vistazo."
"Isso é comida. Comida podre. ... <FONT=ITALIC>Muito</FONT> podre.","That's food. Rotten food. ...<FONT=ITALIC>Very</FONT> rotten food.","Comida. Comida podrida... Comida <FONT=ITALIC>muy</FONT> podrida."
"Acho que eles guardavam a comida deles aqui.","Guess this was where they stored their food.","Supongo que esto serviría de despensa."
"Caramba... pra quê...","Gosh...the heck...for...","Qué... demonios... habitación..."
"Olhe as caixas! Vamos dar uma olhada...","Look at...boxes! ...peek...","¡Mira... cajas! ...echarles..."
"Comida... podre...","Food...rotten...","Comida... podrida..."
"Acho que é um... depósito onde... eles guardavam...","I guess...storeroom where...","Serviría... de despensa..."
"...esse lugar é...","...eck...room...","monios... habitación..."
"...todas essas caixas...vamos espiar...","...all these...peek...","las cajas... echarles..."
"...podre... Muito...","...otten...Very...","odrida... muy..."
"... isso era onde guardavam...","...this...stored...","de... despensa..."
,,
,,
,,
,,
,,
,,
"Kya ha ha! Oh cara, esse cheiro tá ficando <FONT=ITALIC>forte</FONT>!","Kya ha ha! Oh man, that smell is gettin' <FONT=ITALIC>ripe</FONT>!","¡Ja, ja, ja! ¡Vaya, cada vez es más <FONT=ITALIC>intenso</FONT> ese olor!"
"Como cê tá se sentindo aí, florzinha?","How ya feelin' there, florzinha?","¿Cómo te encuentras, florecilla?"
"Não tô legal. Não tá vendo?","Not great. Can't you tell?","Regular, ¿no me ves?"
"Espera, então esses corpos são... as pessoas da cidade?","Wait, so these corpses are...the people from town?","A ver. ¿Estos cuerpos son de... habitantes de la ciudad?"
"Sim, e eles foram devorados. Que destino horrível.","Yes, and they have been devoured. What a horrid fate.","Sí, los han devorado. Qué destino tan cruel."
"Kya ha ha! Oh, a gente tá chegando perto de algo beeeem desagradável, florzinha.","Kya ha ha! Oh, we're gettin' reeeal close to somethin' nasty, florzinha.","¡Ja, ja, ja! ¡Nos acercamos a algo muy desagradable, florecilla!"
"Ugh!","Ugh!","¡Arg!"
"Maldição! Nesse ritmo o navio não vai aguentar!","Damn! The ship won't hold at this rate!","¡Mierda! ¡El barco no va a aguantar mucho más!"
"Não pare, rapaz!","Don't stop, lad!","¡No te detengas, muchacho!"
"Elas vão destruir todo o navio para nos alcançar!","They will crush this entire ship in order to get at us!","¡Van a destrozar el barco entero con tal de llegar a nosotros!"
"Chega de enrolação! O navio vai desmoronar!","Enough dawdling! The ship is going to collapse!","¡Basta de perder el tiempo! ¡El barco va a venirse abajo!"
"Kainé e Emil ficarão bem - temos que garantir nossa própria fuga imediatamente!","Kainé and Emil will be fine—we must make good our own escapes at once!","Kainé y Emil estarán bien. ¡Tenemos que asegurarnos de escapar cuanto antes!"
"Você quer ser enterrado vivo? Apressa-te!","Do you wish to be buried alive? Hurry!","¿Quieres quedar sepultado? ¡Aprisa!"
"Sombras! Droga, elas estão no caminho!","Shades! Dammit, they're in the way!","¡Sombras! ¡Mierda, están en nuestro camino!"
,,
"Ah, ótimo, essas coisas se regeneram!?","Oh, great, these things regenerate!?","Vaya, qué bien, ¡¿estas cosas se regeneran?!"
"Apenas corte aquelas que estão em seu caminho ou ficaremos aqui até o fim dos tempos!","Only cut through the ones in your path or we shall be here until doomsday!","¡Encárgate solo de las que estén en tu camino o nos darán las uvas!"
,,
,,
,,
,,
"Podemos tentar sair por aquele buraco lá em cima!","It looks like we can get out through that hole up there!","¡Parece que podemos colarnos por aquel agujero!"
,,
,,
,,
,,
,,
"Por que essa Sombra não é afetada pelo sol!?","Why isn't this Shade being hurt by the sun!?","¡¿Por qué esta Sombra no se ve afectada por el sol?!"
"Esse não é precisamente o caso.","That is not precisely the case.","No es precisamente el caso."
"Mas certamente ESTÁ sendo queimado pelo sol...","It most certainly IS being burned by the sunlight...","Desde luego, se está quemando con la luz del sol..."
"No entanto, suas habilidades regenerativas superam bastante o dano que a luz é capaz de causar.","However, its regenerative abilities far outpace whatever damage the light is able to inflict.","Sin embargo, su capacidad de regeneración supera al daño que puede infligirle la luz."
"Então teremos que aumentar nossos ataques para igualar.","Then we'll just have to up our own attacks to match.","Entonces, solo tendremos que sumarle nuestros ataques."
,,
,,
,,
"Não importava quantas pessoas eu comesse!","It didn't matter how many people I ate!","¡No importaba a cuánta gente me comiese!"
"Eu nunca estava satisfeita!","I was never satisfied!","¡Nunca estaba satisfecha!"
"Ninguém nunca me ajudou!","Nobody ever helped me!","¡Nadie me ayudó jamás!"
"Ele foi o único que foi gentil comigo!","He's the only one who was ever kind to me!","¡Él fue el único que se portó bien conmigo!"
"Ele me ensinou o que é bondade!","He taught me what kindness is!","¡Él me enseñó lo que era la amabilidad!"
"Eu... eu me tornarei humana!","I...I will become human!","Me... ¡Me convertiré en humana!"
"Nós... nós falaremos a mesma língua...","We'll...we'll speak the same language...","Hablaremos... Hablaremos el mismo idioma..."
"E ficaremos juntos!","And we will stay together!","¡Y estaremos juntos!"
"Então cê tá fazendo isso por <FONT=ITALIC>ele</FONT>? Que triste! Que fofinho!","You're doing it for <FONT=ITALIC>him</FONT>? How sad! How precious!","¿Lo estás haciendo por <FONT=ITALIC>él</FONT>? ¡Qué triste! ¡Qué hermoso!"
"Kyaaa ha ha ha!","Kyaaa ha ha ha!","¡Jaaa, ja, ja, ja!"
"Sei lá de onde vieram as aulas de canto, mas eu tenho muita certeza que ela tá tentando nos devorar!","I dunno where the singin' lessons came from, but I DO know it's sure as hell tryin' to eat us!","No sé de dónde vendrían las lecciones de canto, ¡pero quiere devorarnos!"
"Não para agora! Já foca no próximo!","Don't stop now! Focus on the next one!","¡No paréis! ¡A por el siguiente!"
,,
,,
,,
,,
"Agora é a nossa chance. Ataque com tudo o que tem!","Now is our chance. Attack with all that you have!","Esta es la nuestra. ¡Atacad con todo!"
"Essa luz... algo está vindo! Saia do caminho imediatamente!","This light... Something is coming! Get out of the way at once!","Esta luz... ¡Algo se acerca! ¡Apartaos!"
"Ah, escuta! Tá cantando! Essa coisa realmente acha que é uma PESSOA! Kyaaa ha ha ha!","Aw, listen! It's singing! This thing actually thinks it's a PERSON! Kyaaa ha ha ha!","¡Anda, fíjate! ¡Está cantando! ¡Esta cosa se cree que es una persona! ¡Ja, ja, ja!"
"Own, olha pra isso... Não consegue se despedir da forma de menininha! Que fofo!","Aw, look at that... It just can't say goodbye to its little-girl form! Ain't that cute!?",
,,
,,
"Ela destruiu o próprio tentáculo!","It destroyed its own tentacle!","¡Ha destruido su propio tentáculo!"
"Algo muito insignificante para essa besta, certamente.","A trifling matter for this beast, to be certain.","Algo insignificante para esta bestia, desde luego."
"Não subestime sua capacidade de regeneração! Que esse seja o golpe decisivo!","Do not underestimate its regenerative ability! Make its end a decisive one!","¡No subestiméis su capacidad de regeneración! ¡Acabad con ella!"
"E pensar que ela conseguiu se recuperar de uma ferida tão grave...","To think it could recover from such a grievous wound...","Pensar que fue capaz de recuperarse de una herida tan grave..."
"Ataques comuns não farão nada contra essa coisa!","Ordinary attacks aren't gonna do shit against this thing!","¡Los ataques normales no le hacen una mierda a esta cosa!"
"Essa coisa está transformando seu corpo em lanças e ATIRANDO em nós?","Is this thing turning its body into spears and SHOOTING them at us?","¡Esta cosa está convirtiendo su cuerpo en lanzas y nos las está arrojando!"
"Que tipo de Sombra ataca você com SUAS PRÓPRIAS PARTES!?","What kind of Shade attacks you with ITSELF!?","¡¿Qué clase de Sombra ataca de esa manera?!"
"Continue em guarda! Essa não é uma Sombra comum!","Keep your guard up! This is no average Shade!","¡No bajéis la guardia! ¡No es una Sombra cualquiera!"
"O número de lanças vindo em nossa direção está aumentando!","The number of spears flying our way is increasing!","¡El número de lanzas que nos arroja es cada vez mayor!"
"Sim, eu posso ver isso! Droga!","Yeah, I can see that! Dammit!","¡Sí, ya lo veo! ¡Maldita sea!"
,,
,,
"Isso não está funcionando! Nós não podemos aguentar!","This isn't working! We can't hold out!","¡Esto no está funcionando! ¡No podemos aguantar más!"
"Meu Deus... Se isso continuar...","My word... If this continues...","Caramba... Si esto sigue así..."
"Ei! O cara de antes desmaiou na praia!","Hey! The guy from before's collapsed on the beach!","¡Fíjate! ¡El tío de antes se ha desplomado en la playa!"
"Aquela Sombra tem algum tipo de obsessão por ele - devíamos fazer dele um refém!","That Shade's got some kinda hard-on for him—we should take him hostage!","Parece que la Sombra está loquita por él... ¡Cojámoslo como rehén!"
"Fecha essa matraca! Não tô afim de usar minhas lâminas em humanos.","Shut your yap! I'm not in the business of using my blades on people.","¡Cállate la boca! No pienso utilizar mis espadas contra una persona."
"Beleza, então! Acho que todos nós vamos sentar ao redor de uma fogueira e cantar canções até sermos mortos!","Fine then! I guess we'll all just sit around a campfire and sing songs until we get murdered!","¡Pues nada! ¡Quedémonos cantando canciones de campamento mientras nos matan!"
"Maldição!","Goddammit!","¡Mierda!"
,,
,,
,,
,,
,,
,,
,,
,,
,,
"Essa lança está imbuída de magia poderosa!","That spear is laced with powerful magic!","¡Esa lanza está imbuida de una poderosa magia!"
"Recuem! Vai explodir!","Get back! It's about to explode!","¡Retroceded! ¡Está a punto de explotar!"
"Tem tanta energia mágica...","There's so much magical power...","Qué cantidad de poder mágico..."
,,
"Tem tanta energia mágica...","There's so much magical power...","Qué cantidad de poder mágico..."
"Fujam da área onde tem luz!","Flee the area covered in light!","¡Huid hacia la zona cubierta de luz!"
"Lá vem! Desviem!","Here it comes! Dodge!","¡Aquí viene! ¡Cuidado!"
,,
,,
,,
"Cê já sacou qual a fraqueza dela, certo, florzinha?","You get it's weakness by now, yeah, florzinha?","Ya sabes cuál es su punto débil, ¿verdad, florecilla?"
"Beleza, então bora retalhar essa merda antes que a gente acabe morrendo!","Well then, get to carvin' this bastard up before we're all dead!","Muy bien, ¡ahora haz pedazos a esa basura antes de que nos mate a todos!"
"Eu sei, merda! EU SEI!","I know, dammit! I KNOW!","¡Ya lo sé, coño! ¡Ya lo sé!"
"O núcleo desse negócio está na boca, a gente precisa chegar lá!","The core of this thing is in the mouth—we need to get up there!","El núcleo de esta cosa está en la boca... ¡Tenemos que subirnos ahí!"
"Tá falando sério!?","Are you serious!?","¡¿En serio?!"
"Hum, mas como a gente vai fazer isso?","Um, but how are we supposed to do that?","Mmm, pero ¿cómo se supone que vamos a hacer eso?"
"Ao invés de perderem tempo tagarelando, que tal continuar atacando essa coisa até ela cair!?","Instead of wasting time running your mouths, how about you keep attacking the damn thing until it falls over!?","¡¿Qué tal si seguís combatiendo a esa bestia inmunda en vez de tanto hablar?!"
"Grimório Weiss tem um plano! Arme para o braço da besta depois que ele descer!","Grimoire Weiss has a plan! Arm for the beast's arm after it swings down!","¡Tengo un plan! ¡Apuntad al brazo después de que se balancee hacia abajo!"
"Isso tirará o suporte do corpo e o desequilibrará!","This will rob its body of support and throw it off balance!","¡Así haréis que pierda el equilibrio!"
,,
"Agora! Corra pelo braço!","Now! Run up the arm!","¡Ahora! ¡A por el brazo!"
,,
"Por que parece uma menininha...?","Why does it look like a little girl...?","¿Por qué parece una niña pequeña...?"
"Meros truques, rapaz! Essa besta é uma Sombra de verdade!","Mere tricks, lad! This beast is a Shade for true!","¡Simples trucos, muchacho! ¡No hay duda de que esta bestia es una Sombra!"
"Por que você tenta me impedir!?","Why do you try to stop me!?","¿Por qué intentas detenerme?"
"Tudo o que eu quero é estar com ele!","All I want is to be with him!","¡Lo único que quiero es estar con él!"
"...Merda!","...Shit!","¡Mierda!"
"Você está fazendo isso por <FONT=ITALIC>ele</FONT>? Que triste! Que precioso!","You doing it for <FONT=ITALIC>him</FONT>? How sad! How precious!","¿Lo estás haciendo por <FONT=ITALIC>él</FONT>? ¡Qué triste! ¡Qué hermoso!"
"A Sombra está se levantando!","The Shade is getting back up!","¡La Sombra se está levantando!"
,,
"Ela está concentrando uma enorme energia mágica em sua cabeça!","It's concentrating tremendous magical energy into its head!","¡Está concentrando gran cantidad de energía mágica en su cabeza!"
"Atacá-la pode fazer com que a energia acumulada lá seja liberada!","Attacking it may cause the power gathered there to discharge!","¡Y podría acabar expulsando todo el poder concentrado si atacamos!"
"Pare... de ficar no meu caminho!","Stop...getting in my way!","¡Deja... de interponerte en mi camino!"
"Agora é a sua chance! Corra, garoto!","Now's your chance! Run, lad!","¡Ahora! ¡Corre, chico!"
"Ataque a parte dela que se parece com uma garota!","Attack the part of her that looks like a girl!","¡Ataca la parte que tiene aspecto de niña!"
"O núcleo da Sombra está dentro da boca dela! Rápido!","The Shade's core is inside its mouth! Hurry!","¡La Sombra tiene el núcleo en la boca! ¡Date prisa!"
"Aonde você está indo!? Devemos parar a besta aqui para que a cidade não seja destruída!","Where are you going!? We must stop the beast here so the town is not destroyed!","¡¿A dónde vas?! ¡Tenemos que detener a la bestia aquí o destruirá la ciudad!"
"Está vindo de baixo! Não pare!","It's coming from below! Do not stop!","¡Viene desde abajo! ¡No paréis!"
"Mire em seu braço depois que ele baixar! Isso vai desequilibrá-lo!","Aim for its arm after it swings down! This will throw it off balance!","¡Apuntad al brazo cuando se balancee hacia abajo! ¡Así perderá el equilibrio!"
"Como pode aguentar tal ataque!?","How can it withstand such an onslaught!?","¡¿Cómo puede soportar tal embestida?!"
"Eu... eu estou realmente com medo, pessoal!","I...I'm really scared, guys!","Estoy... ¡estoy asustado, chicos!"
"Estaremos em grave perigo se ela liberar aquele ataque. Temos que pará-la!","We will be in grave danger if it unleashes that attack. We must stop it!","Estaremos en grave peligro si realiza ese ataque. ¡Tenemos que detenerla!"
,,
"Estaremos em grave perigo se ele liberar aquele ataque. Temos que pará-lo!","We will be in grave danger if it unleashes that attack. We must stop it!","Estaremos en grave peligro si realiza ese ataque. ¡Tenemos que detenerla!"
"Ok, mas como!?","Okay, but how!?","Vale, pero ¡¿cómo?!"
"Eu... me tornarei... humana...","I will...become...human...","Me... convertiré... en humana..."
,,"Me... ¡Me convertiré en humana!"
"Eu... vou me tornar humana!","I...will become human!",
"Isso é... realmente ruim...","This is...quite bad indeed...","Esto... pinta muy mal..."
"Argh...","Urgh...","Uf..."
"Agh...","Agh...","Arg..."
"Acho que... estamos em apuros...","I think...we're in trouble...","Creo que... tenemos un problema..."
"Mas que merda você está fazendo!? PARE-AS JÁ!","What the hell are you doing!? STOP 'EM ALREADY!","¡¿Qué coño estás haciendo?! ¡Detenlos de una vez!"
"Meu corpo não quer... Merda! Porra!","My body won't... Damn it! Fuck!","Mi cuerpo no... ¡Mierda! ¡Joder!"
"Pare! Não machuque essas pessoas!","Stop! Don't hurt these people!","¡Para! ¡No le hagas daño a esta gente!"
"Você não quer...olhar o mar juntos...?","Don't you...want to look at the sea together...?","¿No... quieres que miremos juntos el mar?"
"Então você esteve mentindo para mim o tempo todo!?","So you've been lying to me this whole time!?","¡¿Me has estado engañando todo este tiempo?!"
"Mas você me pediu para cantar...","But you told me to sing...","Pero me dijiste que cantase..."
"Você...Você é um monstro!","You... You're a monster!","Tú... ¡Eres un monstruo!"
"Eu quero ...ser humana. Eu quero que ...fiquemos juntos.","I want...to be human. I want us...to be together.","Quiero... ser humana. Quiero que nosotros... estemos juntos."
"Nós NUNCA podemos ficar juntos! Você me ENOJA!","We can NEVER be together! You DISGUST me!","¡Nunca podremos estar juntos! ¡Me repugnas!"
"Ela ...parou?","It...stopped?","¿Ha... parado?"
"Não perca essa chance! Use magia para dar o golpe final!","Do not miss this chance! Use magic to deal the finishing blow!","¡Aprovecha esta oportunidad! ¡Usa magia para asestar el golpe final!"
"Nós só temos forças para um golpe final.","We've only the strength for one final blast.","Solo tenemos fuerza para un último golpe."
"Chegue perto o suficiente para que não possamos errar o alvo!","Get close enough that we cannot miss our target!","¡Acércate para que no fallemos!"
"Vou me esforçar para reunir energia mágica.","I shall endeavor to gather magical energy.","Yo me esforzaré para concentrar energía mágica."
"Ela ...parou?","It...stopped?","¿Ha... parado?"
"Concentre-se na fonte da magia... Mire na a cabeça!","Focus on the source of its magic... Aim for the head!","Concéntrate en la fuente de su magia. ¡Apunta a la cabeza!"
"Esta é a nossa última chance. Não erre, rapaz!","This is our last chance. Do not miss, lad!","Esta es nuestra última oportunidad. ¡No falles, muchacho!"
"Agora! Dispare!","Now! Fire!","¡Ahora! ¡Fuego!"
,,
"Ei, Kainé?","Hey, Kainé?","Eh, ¿Kainé?"
"Sim?","Yeah?","¿Sí?"
"Quando você estava ameaçando aquela Sombra na praia outro dia...","When you were threatening that Shade on the beach the other day—","Cuando estabas amenazando a esa Sombra de la playa el otro día..."
"Como você sabia que ele estava tentando proteger o carteiro?","How did you know it was trying to protect the postman?","¿Cómo sabías que estaba intentando proteger al cartero?"
"Apenas um sentimento, eu acho.","Just a feeling, I guess.","Un presentimiento, supongo."
"Hm. Tudo bem.","Huh. All right.","Ah. Vale."
"Aquela pobre mulher... Perder o marido assim...","That poor woman... Losing her husband like that...","Esa pobre mujer... Perder así a su marido..."
"Onde você foi, mamãe...?","Where did you go, Mommy...?","¿A dónde te fuiste, mami...?"
"Mesmo que não possamos pegar peixe, estar vivo é uma dádiva...","Even if we can't catch fish, just being alive is a godsend...","Aunque no podamos pescar, el hecho de estar vivos es un regalo..."
"Um bando de moradores desapareceu junto com aquele naufrágio enorme...","A buncha townspeople disappeared along with that massive shipwreck...","Muchos aldeanos desaparecieron junto a ese enorme barco encallado..."
"Deus, como eu sinto falta daquelas lutas incríveis que costumavam ter.","God, but I miss those amazing fights they used to have.","Ay, cómo echo de menos esas discusiones tan tremendas que teníamos."
"O que vai acontecer com a nossa cidade?","What's going to happen to our town?","¿Qué va a pasarle a nuestra ciudad?"
"Eu me pergunto se há algo que eu possa fazer para ajudar a cidade...","I wonder if there's anything I can do to help the town...","Me pregunto si habrá algo que pueda hacer para ayudar a la ciudad..."
"Mesmo sem aqueles que perdemos, o mundo continua a girar implacavelmente...","Even without those we have lost, the world relentlessly continues to turn...","Incluso sin aquellos a los que hemos perdido, el mundo no deja de girar..."
"Matei tantas Sombras quando estava tentando salvar Yonah.","I killed so many Shades when I was trying to rescue Yonah.","He matado a tantas Sombras cuando intentaba rescatar a Yonah."
"Mas agora, tenho essa sensação estranha como se...","But now, I have this strange feeling like...","Pero, ahora, tengo una sensación extraña..."
"Como se de alguma forma elas não fossem todas más.","Like somehow they're not all bad.","Como si de algún modo no fueran todas malas."
"...Mas mesmo assim não conseguia explicar o porquê.","...Couldn't for the life of me explain why, though.","Aunque no tengo manera de explicar por qué."
"Morra, maldito! Morra!","Die, damn you! Die!","¡Muere, joder! ¡Muere!"
"Ei! Volte! Aqui é perigoso!","Hey! Get back! It's dangerous here!","¡Eh! ¡Vete de aquí! ¡Este sitio es peligroso!"
"Heh. Acho que essa frase é minha, amigão.","Heh. I think that's my line, buddy.","Eh, creo que esa frase es mía."
"Acho que não posso deixar aquele cara morrer.","Suppose I shouldn't just leave that guy to die.","Supongo que no debería dejar morir a ese tipo."
"O que um aldeão está fazendo em um lugar como este?","What's a villager doing in a place like this?","¿Qué está haciendo un aldeano en un sitio como este?"
"Acho que devo perguntar pra ele.","Guess I might as well ask.","Quizá podría preguntar."
"O que diabos as máquinas estão fazendo aqui?","The hell are machines doing here?","¿Qué coño hacen aquí unas máquinas?"
"E onde estão os aldeões?","And where are the villagers?","¿Y dónde están los aldeanos?"
"Mais deles? Droga...","More of 'em? Goddammit...","¿Más? Joder..."
"Ah, fala sério, MAIS?!","Oh come on, MORE?!","En serio, ¡¿más?!"
"Não, eu preciso ter certeza de que cada uma dessas coisas está destruída.","No, I need to make sure every one of those things is smashed to bits.","No, necesito asegurarme de que todas estas cosas acaban hechas pedazos."
"Alguém quer explicar o que robôs estão fazendo lá dentro?","Somebody wanna explain what robots are doing in there?","¿Alguien me explica qué pintan aquí unos robots?"
"O que diabos robôs estão fazendo na Floresta dos Mitos?","The hell are robots doing in the Forest of Myth?","¿Qué cojones pintan unos robots en el Bosque de las Leyendas?"
"É melhor eu me certificar de destruir todos - pode haver mais lá dentro.","I better make sure to wreck 'em all—there could be more in there.","Mejor que me los cargue a todos, podría haber más ahí dentro."
"Que merda tá acontecendo aqui?","The hell's goin' on here?","¿Qué coño pasa aquí?"
"Por quê que existe um lugar assim dentro de uma árvore?","What's a place like this doing inside a tree?","¿Qué hace un sitio como este dentro de un árbol?"
"Bem-vindo ao mar da humanidade.","Welcome to the sea of humanity.","Bienvenida al mar de la humanidad."
"Bem-vindo ao cemitério do pecado e punição.","Welcome to the cemetery of sin and punishment.","Bienvenida al cementerio del pecado y el castigo."
"... Mas o quê?","...The hell?","¿Cómo?"
"Você ...é uma replicante.","You...are a Replicant.","Tú... eres una replicante."
"Uma existência fabricada.","A manufactured existence.","Una existencia artificial."
"Nome individual: Kainé.","Individual name: Kainé.","Nombre individual: Kainé"
"Quem são vocês? Apareçam!","Who are you? Show yourselves!","¿Quiénes sois...? ¡Dad la cara!"
"Permaneça calma.","Remain calm.","Cálmate."
"Não seja precipitada.","Do not be hasty.","No tengas prisa."
"Em breve nos encontraremos.","Soon we shall meet.","Pronto nos encontraremos."
"......","......","......"
"Monstrinhos assustadores...","Creepy little freaks...","Qué mal rollo de bichos raros..."
"Este é um banco de dados integrado de gerenciamento de informações, projetado para se assemelhar a uma planta que não morre.","This is an integrated information-management database designed to resemble a perennial plant.","Esto es una base de datos integrada, diseñada para parecer una planta perenne."
"Ele manifesta fenômenos registrados em sua unidade de memória.","It transmits phenomena recorded in its memory unit.","Transmite fenómenos que han sido registrados en su unidad de memoria."
"Não tô entendendo nada do que você tá dizendo.","I don't understand a damn thing you're saying.","No entiendo una puta mierda de lo que estáis diciendo."
"Observações de você também foram registradas.","Observations of you have been recorded as well.","También se han registrado observaciones sobre ti."
"Você... trouxe fim ao Projeto Gestalt.","You...brought an end to Project Gestalt.","Tú... has puesto fin al proyecto Gestalt."
"Você matou o Gestalt Original. Agora, os Gestalts restantes estão soltos porque não têm para onde ir.","You killed the Original Gestalt. Now the remaining Gestalts run wild because they have nowhere left to go.","Mataste al Gestalt original. Ahora, los Gestalts restantes se han descontrolado."
"Suas ações causaram a morte de inúmeros Replicantes.","Your actions have caused the deaths of countless Replicants.","Tus acciones han causado la muerte de innumerables replicantes."
"Mostrem logo seus malditos rostos!","Show your damn faces already!","¡Dad la puta cara ya!"
"Não seja precipitado. Em breve nos encontraremos.","Do not be hasty. Soon we shall meet.","No tengas prisa. Pronto nos encontraremos."
"Em breve nos encontraremos.","Soon we shall meet.","Pronto nos encontraremos."
"......","......","......"
"Meu nome é k?K?∑?XH","My name is k?K?∑?XH","Mi nombre es kk?K?∑?XH?"
"Meu nome é p!P!H?cs!","My name is p!P!H?cs!","Mi nombre es p!P!H?cs!"
"MAS QUE MERDA você tá dizendo!?","WHAT the hell are you saying!?","¡¿Pero qué narices estáis diciendo?!"
"Nós somos os administradores.","We are the administrators.","Somos los administradores."
"Os administradores desta floresta.","The administrators of this forest.","Los administradores de este bosque."
"Que merda tá rolando com essas aberrações?","What the sweet crap is up with these freaks?","¿Qué coño les pasa a estos chalados?"
"Você é genuinamente fascinante.","How truly fascinating you are.","Eres verdaderamente fascinante."
"Você é exatamente como esperávamos.","You are just as we expected.","Eres justo como esperábamos."
"Venha por aqui.","Come this way.","Ven por aquí."
,,
,,
,,
"Eles são cópias suas, feitas através das máquinas.","They are copies of you, shaped by machinery.","Son copias tuyas, moldeadas con maquinaria."
"Unidades de propulsão microscópica baseadas em plantas, sintetizadas através de partículas Maso.","A collection of microscopic, plant-based propulsion units bound together with Maso particles.","Unidades de propulsión microscópicas basadas en plantas, unidas con partículas maso."
"O mesmo vale para esta floresta.","The same as this very forest.","Al igual que este mismo bosque."
"Uma floresta maciça de memórias que emergiu das vitórias alcançadas pela mecânica quântica e da pesquisa Maso.","A massive forest of memories coalesced by the triumphs of quantum mechanics and Maso research.","Un gran bosque de recuerdos, fusionados por la mecánica cuántica y las partículas maso."
"Uma floresta que registra tudo e qualquer coisa sobre o mundo.","A forest that records anything and everything about the world.","Un bosque que lo registra absolutamente todo del mundo."
"Se vocês queriam que eu entendesse o que vocês tão dizendo, vão ficar desapontados pra caramba!","If you wanted me to follow any of this, you're gonna be real fuckin' disappointed!","¡Si esperáis que comprenda algo de esto, os vais a llevar una buena decepción!"
"Sua compreensão não é necessária.","Your comprehension is unnecessary.","Tu comprensión es innecesaria."
"Afinal, tudo que importa para você é matar. Não é mesmo?","After all, all you care for is killing. Is this not so?","A fin de cuentas, lo único que te importa es matar. ¿No es así?"
"Esses outros eus são fraquinhos pra cacete... Tô me sentindo insultada!","These other mes are brittle as hell... I oughta be insulted!","¡Qué frágiles son mis otros yoes! ¡Es insultante!"
"Não importa quantas cópias você destrua.","It matters not how many copies you destroy.","No importa cuántas copias destruyas."
"Elas simplesmente vão se dispersar e se reconstruir imediatamente.","They will simply disperse and immediately reconstruct themselves.","Tan solo se dispersarán y volverán a reconstruirse inmediatamente."
"Ainda tem muita diversão para acontecer.","There is still much fun to be had.","Aún hay diversión para rato."
"Finalmente chegamos ao fim.","We have finally come to an end.","Por fin hemos llegado al final."
"PUTA MERDA, como vocês são irritantes!","God DAMN you're annoying!","¡Callad esas putas bocazas de una vez!"
"Vou partir esses merdinhas em pedaços, comer os pedaços e cagar numa lata de lixo!","I'm gonna tear these freaks apart, eat the pieces, and shit 'em into a trash can!","¡Voy a trocear a estos payasos, luego me los voy a comer y los voy a cagar!"
"Puuta merda...","Fuuucking hell...","Jooooder..."
"Chegamos ao fim?","Have we reached the end?","¿Hemos llegado al final?"
"Já atingiu seu limite?","Have you reached your limit?","¿Has alcanzado tu límite?"
"Merda!","Dammit!","¡Maldita sea!"
"Que infelicidade.","How unfortunate.","Qué desafortunado."
"Sinto um poder tremendo nesse círculo mágico. Acho que está agindo como uma fonte de energia.","I sense tremendous power in that magic circle. I think it's acting as an energy source.","Siento un gran poder en ese círculo mágico. Creo que actúa como fuente de energía."
"Se conseguirmos destruí-lo, todas as outras Kainés também devem desaparecer!","If we can destroy it, all the other Kainés should disappear, too!","¡Si podemos destruirlo, todas las otras Kainés también deberían desaparecer!"
"Entendi!","Got it!","¡Entendido!"
"Número 7: Uma arma mágica forjada pelos humanos.","Number 7: A magical weapon forged by humans.","Número 7: un arma mágica forjada por humanos."
"Um ser que absorveu o poder do Número 6 e transcendou a humanidade.","A being who absorbed the power of Number 6 and transcended humanity.","Un ser que absorbió el poder de Número 6 y trascendió la humanidad."
"Hum, quem é aquele? Que vozes são aquelas?","Ummm, who is that? What are those voices?","Mmm, ¿quién es? ¿Qué son esas voces?"
"São só uns dois filhos da puta.","Just a coupla little fucks.","Son solo un par de gilipollas."
"Não posso deixar o Emil para trás!","I can't leave Emil behind!","¡No puedo dejar a Emil atrás!"
"Eu vou cuidar do círculo mágico - se concentra em chutar as bundas de algumas Kainé!","I'll take care of the magic circle—you focus on kicking some Kainé butt!","Yo me encargo del círculo mágico, ¡tú concéntrate en patear culos de Kainés!"
"Quer dizer, os traseiros das outras Kainés. Não sua própria bunda Kainé. VOCÊ, a verdadeira Kainé -","Er, I mean, the other Kainés' butts. Not YOUR Kainé butt. YOU, the real Kainé—","Me refiero a los culos de las otras Kainés, no al tuyo. Tú, la Kainé real..."
"Tá, já entendi, Emil! Só se concentra!","Yeah, I get it, Emil! Just focus!","¡Sí, te he entendido, Emil! ¡Céntrate!"
"Nossa, parece que faz uma eternidade desde que lutamos juntos!","Gosh, it feels like it's been forever since we fought together!","¡Siento que hacía siglos que no luchábamos juntos!"
"Isso... parece familiar...","This...seems familiar...","Esto... me resulta familiar..."
"Acho que tinha... outra pessoa que costumava lutar conosco...","I think there was...someone else who used to fight with us...","Creo que... había alguien más que luchaba con nosotros..."
"Minhas memórias estão...","My memories are...","Mis recuerdos están..."
"Observada uma flutuação de fenômenos incomuns.","Unusual phenomena-fluctuation observed.","Fenómeno de fluctuación inusual observado."
"Assinatura de singularidade detectada na Replicante Kainé.","Singularity signature detected in Replicant Kainé.","Peculiaridad singular detectada en la replicante Kainé."
"Fascinante.","Fascinating.","Fascinante."
"Terrivelmente fascinante.","Terribly fascinating.","Tremendamente fascinante."
"Tá tudo bem, Kainé!?","Are you all right, Kainé!?","¡Kainé! ¿Estás bien?"
"...Sim.","...Yeah.","Sí..."
"Kainé! Eu consegui!","Kainé! I did it!","¡Kainé! ¡Lo he conseguido!"
"Isso é ... um corredor?","Is that...a doorway?","¿Eso es... una entrada?"
"Além daqui jaz o que foi perdido.","Beyond here lies that which was lost.","Más allá de este punto se encuentra lo que se perdió."
"A última esperança - que você pode recuperar.","The final hope—for you to reclaim.","La última esperanza, esperando a ser recuperada."
"Não há como voltar atrás agora.","There's no going back now.","Ya no hay vuelta atrás."
"Vamos acabar com isso. ...Tudo isso.","Let's end this. ...All of it.","Vamos a acabar con todo esto de una vez..."
"Kainé, eu...","Kainé, I...","Kainé, yo..."
"Parece que esqueci de algo muito importante...","I feel like I've forgotten something really important...","Tengo la sensación de haber olvidado algo muy importante..."
"Nem me fala.","Tell me about it.","Pues ponte a la cola."
"Você também?","You too?","¿Tú también?"
"Sim. Não consigo descrever direito, mas é como se minha mente estivesse cheia dessa névoa estranha.","Yeah. I can't really describe it, but it's like my mind is filled with this weird fog.","Sí. No sé describirlo, pero es como si tuviera la cabeza llena de una extraña niebla."
"Parece que eu... fiz uma promessa para alguém?","I think I...made a promise to somebody?","Creo que... ¿Le hice una promesa a alguien?"
"Tipo... que iríamos comer algo delicioso?","Like...that we would go eat something delicious?","¿Como que... iríamos a comer algo muy rico?"
"Heh heh heh.","Heh heh.","Je, je."
"Beleza, então a gente tem que recuperar nossas memórias.","Well then, we'll just have to get those memories back.","Bueno, tendremos que recuperar esos recuerdos."
"Sim!","Yeah!","¡Sí!"
"Estou sentindo um enorme poder mágico ali na frente.","I feel an enormous magical power ahead.","Siento un poder mágico enorme más adelante."
"Só não faça nada sem pensar. Beleza?","Just don't do anything rash. Got it?","No te precipites, ¿vale?"
"Entendi. O mesmo vale para você, Kainé!","Got it. Same goes for you, Kainé!","Vale. ¡Lo mismo te digo, Kainé!"
"Não quero mais ficar sozinho.","I don't want to be alone anymore.","No quiero volver a estar solo."
"... Sim.","...Yeah.","Ya..."
"Oh meu Deus... A energia mágica é incrível!","Oh my gosh... The magical energy is incredible!","Madre mía... ¡Esa energía mágica es tremenda!"
"Isso deve ser o que está alimentando essas máquinas!","That's gotta be what's powering these machines!","¡Eso es lo que tiene que estar alimentando a esas máquinas!"
"Ok, eu vou destruir. Você lida com as máquinas!","Okay, I'll destroy it. You handle the machines!","Vale, voy a destruirlo. ¡Tú encárgate de las máquinas!"
"Esta é a parte principal desta floresta, onde uma grande variedade de informações é armazenada.","That is the core frame of this forest, within which a great variety of information is stored.","Eso es el núcleo principal de este bosque y alberga una gran variedad de información."
"Dentro dela existe tudo o que este mundo representa, incluindo as memórias que você perdeu.","Inside it exists all that this world is, including the memories you have lost.","En su interior existe este mundo, incluidos los recuerdos que has perdido."
"Embora, em vez de memórias, seria melhor dizer o ""mundo"" que você perdeu.","Though rather than memories, it might be best to say the ""world"" you have lost.","Más que recuerdos, sería más acertado decir que es el ""mundo"" que has perdido."
"De toda forma, certamente é a resposta que você deve procurar.","In any case, it is surely the answer you ought to seek.","En cualquier caso, se trata de la respuesta que buscas."
"Vocês dois, seus bostinhas, calem a PORRA da boca!","Would you two shitsacks PLEASE shut up?!","¡¿Podríais callaros de una vez, mierdecillas?!"
"Ela é uma vida! Ela tem significado e valor, e vamos salvá-la!","She's a life! She has meaning and worth, and we're going to save her!","¡Está viva! ¡Tiene valor y propósitos! ¡Vamos a salvarla!"
"Todo mundo tem algo pelo que viver. Até Kainé. ...Até Yonah.","Everyone has something to live for. Even Kainé.<LF>...Even Yonah.","Todos tenemos algo por lo que vivir. Incluso Kainé. Incluso Yonah."
"Você não pode decidir quem vive e quem morre!","You don't get to decide who lives and who dies!","¡Tú no decides quién vive y quién muere!"
"Essa voz... É a voz dos meus sonhos.","That voice... It's the one from my dreams.","Esa voz... Es la de mis sueños."
"Eu já ouvi essa voz antes...","I've heard that voice before...","He oído antes esa voz..."
"Essas são suas memórias.","These are your memories.","Estos son tus recuerdos."
"Um registro repetidamente reescrito.","A record you repeatedly rewrote.","Un registro que reescribiste una y otra vez."
"Eu sou quem eu sou hoje por causa de você!","I'm who I am today because of you!","¡He llegado a ser quien soy gracias a ti!"
"Eu não vou desistir de você...","I'm not going to give up on you...","No voy a abandonarte..."
"Chegamos tão longe porque você estava com a gente, Kainé!","We made it this far because you were with us, Kainé!","¡Si hemos llegado tan lejos ha sido gracias a ti, Kainé!"
"Mas que merda... O QUE é isso!?","Dammit... What IS this!?","Maldita sea... ¡¿Pero esto qué es?!"
"Você sofre?","Do you suffer?","¿Sufres?"
"Você sente dor?","Are you pained?","¿Sientes dolor?"
"CALEM A PORRA DA BOCA!","SHUT THE FUCK UUUP!","¡Callaos de una puta vez!"
"Onde... estou?","Where...am I?","¿Dónde... estoy?"
"Emil?","Emil?","¿Emil?"
"Estas são as suas memórias.","These are your memories.","Estos son tus recuerdos."
"Estes são seus registros.","These are your records.","Estos son tus registros."
"Este é o seu mundo.","This is your world.","Este es tu mundo."
"Sombras!?","Shades!?","¡¿Sombras?!"
"Sombras: Almas humanas que tornaram-se Gestalt.","Shades: Human souls that have gone Gestalt.","Sombras: almas humanas que se han convertido en Gestalts."
"Estas Sombras são apenas dados reproduzidos através de seus registros.","These Shades are but data reproduced via your records.","Estas Sombras son datos reproducidos a través de tus registros."
"Esses são os verdadeiros humanos que você massacrou em sua jornada.","They are the true humans you slaughtered on your journey.","Son los verdaderos humanos a los que has aniquilado en tu viaje."
"......","......","......"
"O que diabos é isso?","What the hell is this?","¿Qué coño es esto?"
"Doces memórias do fundo do seu coração.","Sweet memories from deep within.","Recuerdos dulces desde lo más profundo."
"Memórias amargas que foram seladas.","Bitter memories that were sealed away.","Recuerdos amargos que estaban enterrados."
,,
,,
,,
"Beepy, espere! Isso é o suficiente!","Beepy, wait! That's enough!","¡Espera, Bip-bip! ¡Ya basta!"
"Não! Eu não posso viver sem você!","No! I can't live without you!","¡No! ¡No puedo vivir sin ti!"
"Eu não quero ficar sozinho novamente!","I don't wanna be alone again!","¡No quiero volver a quedarme sin nadie!"
"Cacete, já chega dessa merda!","Goddammit, enough with this bullshit already!","Me cago en todo, ¡parad ya con esta puta mierda!"
"Você já ouviu muitas vozes.","You have heard many voices.","Has escuchado muchas voces."
"Medo. Ódio. Raiva. Sofrimento.","Fear. Hate. Rage. Suffering.","Miedo. Odio. Rabia. Sufrimiento."
"Cada um deles tem significado.","Each of them has meaning.","Cada una tiene un significado."
"Nós somos incompletos. Mas nossos amigos nos completam!","We are incomplete. But our friends make us whole!","Somos seres incompletos. ¡Pero nuestros amigos nos complementan!"
"Somos ridicularizados, abusados e odiados. Mas nossos amigos nos mantêm fortes!","We are mocked, abused, and hated. But our friends keep us strong!","Se nos maltrata y se nos odia. ¡Pero nuestros amigos nos dan fuerzas!"
"Isso é o que nos faz seguir em frente!","That is what keeps us going!","¡Es lo que nos hace seguir adelante!"
"Não atrapalhe nossas vidas!","Do not stand in the way of our lives!","¡No os entrometáis en nuestras vidas!"
"Pare, pare, PARE!","Stop it, stop it, STOP IT!","¡Parad, parad, parad!"
"Eu mato Sombras! É só isso!","I kill Shades! That's all there is to it!","¡Mato Sombras! ¡Solo eso!"
"Você é uma entidade estrangeira neste mundo.","You are a foreign entity in this world.","Eres una entidad ajena a este mundo."
"Um erro criado por uma discrepância entre memória e registro.","An error created by a discrepancy between memory and record.","Un error creado por una discrepancia entre recuerdo y registro."
"Eu não entendi UMA PALAVRA SEQUER que esses filhos da puta disseram desde que COMEÇAMOS essa maldita aventura!","I have not understood a SINGLE FUCKING THING you shitty little assgrabbers have said since we STARTED this goddamn adventure!","¡No he entendido una puta mierda de todas las putas gilipolleces que habéis dicho desde que empezó esta puta aventura!"
"Saia, mestiça!","Get out, half-breed!","¡Fuera de aquí, mestiza!"
"Você me enoja! Você só nos dá desgosto!","You disgust me! You disgust us all!","¡Me das asco! ¡A todos nos lo das!"
"Nós não te queremos!","We don't want you!","¡No te queremos!"
"Só nos deixe em paz!","Just leave us in peace!","¡Déjanos en paz!"
"Já chega!","Enough already!","¡Ya basta!"
"Por favor, só CALA A BOCA!","Please, just SHUT UP!","¡Callaos las puta bocas!"
"Você trouxe essas Sombras aqui!","You brought these Shades here!","¡Las Sombras han venido por tu culpa!"
"Chega!","Enough already!",
"Não ouse se chamar de humana!","Don't you dare call yourself human!","¡Ni siquiera eres humana!"
"Saia daqui!","Get out!","¡Fuera!"
"Não te queremos aqui!","We don't want you!",
"Saia de nossa vila!","Get out of our village!","¡Fuera de nuestra aldea!"
"...Tsc.","...Tch.","Tsk."
"Calem a boca de uma vez por todas!","Shut your goddamn mouths already!",
"Merda! Eu não consigo acertá-lo!","Fuck! I can't reach it!","¡Joder! ¡No llego!"
"Desça daí seu bostinha maldito!","Get your ugly ass down here!","¡Vuelve aquí abajo, culo sucio!"
"Eu disse, DESCE DAÍ!","I said, get DOWN here!","¡Que te he dicho que bajes!"
"Espera, desapareceu!?","Wait, it disappeared!?","Un momento, ¡¿ha desaparecido?!"
"Uh oh. Eu acho que ele está carregando magia...","Uh oh. I think it's charging up its magic...","Oh, oh. Creo que está cargando su magia..."
"Desse aqui AGORA seu porco inútil bebedor de mijo do caralho!","Get the fuck DOWN HERE you worthless piss-guzzling shit-rag!","¡Vuelve de una puta vez aquí abajo, pedazo de comemierda!"
"Presumo que você saiba como usar magia, sim? Então nos dê um show, vadia!","I presume you know how to use magic, yes? Then give us a show, hussy!","Doy por hecho que sabes cómo usar la magia."
"Eu não preciso da sua ajuda para acabar com esse filho da puta!","I don't need your help to take out this goddamn fuck-waffle!","No hay necesidad de contenerse. ¡Haz que sufra lo indecible!"
"Certo!","Right!","¡Vale!"
"......","......","......"
"Ei, Weiss.","Hey, Weiss.","Oye, Weiss."
"Pois não?","Yes?","¿Sí?"
"...Valeu.","...Thanks.","Gracias..."
"Você andou bebendo de novo?","Have you been in your cups again?","¿Has vuelto a empinar el codo?"
"Vai tomar no cu.","Fuck your face.","Que te jodan."
"Ah. Agora se parece mais com você!","Ah. That's more like it!","Anda. ¡Eso te pega más!"
"Agora é a nossa chance!","Now is our chance!","¡Esta es la nuestra!"
"Que impertinência! Empale essa coisa amaldiçoada!","What impertinence! Skewer the accursed thing!","¡Menuda impertinencia! ¡Ensarta a esa maldita cosa!"
"Use meu poder para derrubar essa criatura com magia!","Use my power to knock the creature down with magic!","¡Utiliza mi poder para derribar con magia a la criatura!"
"Não desista dessa investida!","Do not relent in your assault!","¡No ceses en el ataque!"
"Hora de acabar com isso!","Time to close this out!","¡Ya toca zanjar el asunto!"
"Seus ataques ficam cada vez mais ferozes. Fique vigilante!","Its attacks grow ever more fierce. Remain vigilant!","Sus ataques son cada vez más fieros. ¡No bajes la guardia!"
"Como se eu me importasse! Vou destroçar essa coisa!","Like I care! I'm gonna fuck this thing up!","¡Como si me importara! ¡Voy a joder viva a esta cosa!"
"Merda, essa coisa é resistente...","Shit, this thing is tough...","Mierda, esta cosa es dura de pelar..."
"Que o próximo massacre seja o último!","Let the next onslaught be our last!","¡Que la próxima acometida sea la definitiva!"
"O que você está fazendo? Você deve usar magia para deter esse inimigo!","What are you doing? You must use magic to stop this foe!","¿Qué estás haciendo? ¡Tienes que usar magia para detener a este enemigo!"
"Eu sei, droga!","I know, goddammit!","¡Ya lo sé, cojones!"
"Ele vai carregar! Acerte em sua feia boca!","It's going to charge! Strike it right in its ugly maw!","¡Va a cargar! ¡Dale justo en esas fauces repugnantes!"
"Ele vai carregar! Impeça-o com magia!","It's going to charge! Stop it with magic!","¡Va a cargar! ¡Detenla con magia!"
"(Voz normal do Nier jovem afogado)","(Boy Nier normal drowning voice)","(Voz normal de ahogamiento de Nier niño)"
"(Voz normal do Nier adulto afogado)","(Young adult Nier normal drowning voice)","(Voz normal de ahogamiento de Nier joven adulto)"
"Mmm. Você está bem, rapaz?","Mmm. Are you all right, lad?","Mmm. ¿Estás bien, muchacho?"
"Sim, estou bem.","Yeah, I'm okay.","Sí, estoy bien."
"Sua saúde diminuiu. Precisa ser mais cuidadoso.","You have lost health. You must be more careful.","Has perdido salud. Debes tener más cuidado."
"Detesto perguntar isso, mas... você não sabe nadar?","I hate to ask, but...can you not swim?","Odio tener que preguntar, pero... ¿no sabes nadar?"
"...Não conta pra a Yonah, ok?","...Don't tell Yonah, okay?","No se lo digas a Yonah... ¿Vale?"
"Se você não sabe nadar, por que continua pulando em buracos com água!?","If you cannot swim, why do you keep leaping into bodies of water!?","Si no sabes nadar, ¡¿por qué sigues arrojándote al agua?!"
"N-não sou eu. É como se... meu corpo simplesmente... fizesse isso por conta própria.","I-it's not me. It's almost like...my body just...does it on its own.","No es que lo haga yo. Es casi como... si mi cuerpo... lo hiciera por sí mismo."
"Tudo está correndo bem?","Everything in working order?","¿Todo en orden?"
"Sim. Sim, Weiss. Tô bem.","Yeah. Yeah, Weiss. I'm good.","Sí, Weiss. Estoy bien."
"Sua saúde diminuiu. Tome mais cuidado na próxima vez, mmm?","Your health has diminished. Do be more careful next time, mmm?","Tu salud se ha resentido. Ten más cuidado la próxima vez, ¿eh?"
"Devo dizer que estou bastante surpreso por você não ter se preocupado em aprender a nadar nesses últimos cinco anos.","I must say, I'm rather surprised you didn't bother to learn how to swim these past five years.","Confieso que me sorprende que no te hayas dignado a aprender a nadar en estos cinco años."
"Eu sei nadar! Só que... minha arma é pesada.","I can swim! My, uh...weapon is just heavy.","¡Sí que sé nadar! Es solo que... mi arma pesa mucho."
"Como quiser, rapaz.","Whatever you say, lad.","Lo que tú digas, muchacho."
"Ei, Weiss?","Hey, Weiss?","Oye, Weiss."
"Sim, rapaz?","Yes, lad?","Dime."
"Existe alguma forma de nadar usando magia, ou...?","Is there a way to swim using magic, or...?","¿Hay alguna forma de nadar usando magia, o...?"
"Não.","No.","No."
"Eu já sabia.","Figures.","Pues vaya."
"Sthp! Blth! Blech! Estou coberto de areia.","Spth! Blth! Blech! I'm covered in sand.","¡Bluf! ¡Puaj! Estoy cubierto de arena."
"Cuide-se antes que toda a sua vitalidade se perca.","Take care before all your health is lost.","Ten cuidado antes de perder la salud del todo."
"Caramba, ODEIO ficar coberto de areia!","Man, I HATE being covered in sand!","Tío, ¡odio estar cubierto de arena!"
"Sptz! Bltz! Certo, só tente não cair mais, por gentileza?","Spth! Blth! Yes, do try harder not to fall in, would you?","¡Puaj! ¡Bluf! Sí, ten más cuidado para no caerte, ¿quieres?"
"O espaço entre minhas páginas parece... crocante.","The space between my pages feels...crunchy.","Siento el espacio entre mis páginas como... crujiente."
"Eu daria tudo para pular em qualquer lugar com água agora.","I'd give anything to jump into some water right about now.","Daría lo que fuera por poder zambullirme en el agua ahora mismo."
"Apesar de sua incapacidade de nadar? Você está louco!?","Despite your inability to swim? Are you mad!?","¿Aunque seas incapaz de nadar? ¡¿Estás chalado?!"
"Foi uma piada, Weiss. Aff.","It was a joke, Weiss. Sheesh.","Era una broma, Weiss. Madre mía..."
"Tpphbbht... Bom, ótimo. Estou coberto de areia.","Tpphbbht... Well, great. I'm covered in sand.","Puf... Anda, genial. Estoy cubierto de arena."
"Mergulhar na areia é uma excelente maneira de perder vitalidade. Tente ser mais cauteloso, mmm?","Diving in sand is an excellent way to lose health. Do try to be more careful, mmm?","Zambullirse en la arena es estupendo para perder salud. Ten más cuidado, ¿eh?"
"Céus, ter areia dentro das roupas é HORRÍVEL.","God, having sand in your clothes is the WORST.","Dios, tener arena en la ropa es lo peor."
"Com certeza alguém adoraria um banho agora.","It makes one want to enjoy a bath, for certain.","Hace que uno ansíe tomar un baño, sin duda."
"Weiss, VOCÊ pode tomar banho?","Weiss, can you even TAKE baths?","Weiss, pero ¿tú puedes bañarte?"
"Sim.","Yes.","Sí."
"...Huh. Então tá.","...Huh. Okay then.","Ah... Bueno, entonces vale."
"Creio que os humanos simplesmente não foram projetados para nadar na areia.","Perhaps humans are simply not designed to swim in sand.","Quizá, simplemente los humanos no estén hechos para zambullirse en la arena."
"Concordo.","Agreed.","Estoy de acuerdo."
"E, nesse caso, você poderia considerar ser um pouco mais cuidadoso?","And in that case, you might consider being a tad more careful?","Y en ese caso, ¿podrías considerar tener algo más de cuidado?"
"...Concordo.","...Agreed.","Vale..."
"Maldição...","Dammit...","Maldita sea..."
"Onde aquela garota foi parar?","Where did that girl get to?","¿A dónde ha ido esa chica?"
"Sem dúvida ela fará outra aparição repentina em algum momento...","Doubtless she will make another sudden appearance at some point...","No hay duda de que volverá a aparecer de repente en algún momento..."
"Diga aí...","Say there...","Oye..."
"Você não está me ouvindo?","Can you not hear me?","¿Me estás escuchando?"
"Por que você está parado como um bobo de boca aberta?","Why are you standing about like a slack-jawed ninny?","¿Por qué estás boquiabierto como un pasmarote?"
"Desculpe. Parecia que eu estava... sonhando ou algo assim.","Sorry. Felt like I was...dreaming or something.","Perdona. Tenía la sensación de que estaba... soñando o algo así."
"Dormir em pé é realmente um talento.","Sleeping on one's feet is quite the talent indeed.","Dormir de pie es una habilidad realmente asombrosa."
"Vamos lá, a porta está ali.","Come now, there's the door.","Venga, la puerta está ahí."
"Certo... Vamos embora.","Right... Let's go.","Vale... Vamos."
"Não seria sábio explorar os quartos no andar acima de nós?","Would it not be wise to explore the rooms on the floor above us?","Siento curiosidad por aquel cántico. ¿No deberíamos explorar las habitaciones del piso de arriba?"
"Vamos investigar mais a fundo.","Let us investigate further in.","Investiguemos más a fondo."
"Nós já procuramos o suficiente por aqui. Adiante!","We've done enough searching here. Onward!","Ya hemos buscado bastante por aquí. ¡Sigamos!"
"Esta lanterninha nos trouxe longe, não trouxe!","This little lantern has brought us quite far, hasn't it!","¡Hemos llegado muy lejos gracias a este farolillo, eh!"
"Sim. E a luz que ela emite me faz sentir... sei lá. Seguro, de alguma forma.","Yeah. And the light it gives off makes me feel... I dunno. Safe, somehow.","Sí. Y la luz que emite me hace sentir... ¿Cómo decirlo? Cierta sensación de seguridad."
"Bem, não somos românticos!","Well, aren't we the romantic!","¡Vaya, qué romántico todo!"
"Não devíamos estar seguindo mais adiante?","Should we not be heading farther in?","¿No deberíamos adentrarnos algo más?"
"Ainda não encontrou a lanterna? Não temos escolha senão tatear o chão para encontrá-la.","Have you still not found the lantern? We've no alternative but to scour the ground for it.","¿Todavía no has encontrado el farol? Vamos a tener que peinar el suelo para dar con él."
"Você gostaria de voltar lá? Eu preferiria não.","You would return there? I'd rather not.","¿Tú volverías ahí? Yo preferiría no hacerlo."
"Agora é realmente hora de recuar?","Is now truly the time to turn tail?","¿Crees que es momento de achantarse?"
"Esse som... É uma Sombra?","This sound... Is it a Shade?","Ese ruido... ¿Será una Sombra?"
"O que tá acontecendo com esse navio, afinal?","What is with this ship, anyway?","¿Qué diantres pasa con este barco, a todo esto?"
"Deve haver pistas em algum lugar que mostrem como ele encalhou.","There may be clues somewhere that tell of how it ran aground.","Puede que haya pistas que indiquen cómo encalló."
"Você voltaria de onde viemos?","You would go back from whence we came?","¿Volverías al lugar del que partimos?"
"Pelo menos não tem Sombras por aqui.","There don't seem to be any Shades around, at least.","No parece que haya ninguna Sombra por aquí, al menos."
"Sorte a nossa. Agora não percamos mais tempo procurando pelos moradores da cidade!","Fortunate for us. Now let no more time be wasted in our search for the townsfolk!","Menos mal. No perdamos más tiempo buscando a los lugareños."
,,
"Uma cozinha, é?","A kitchen, is it?","Es una cocina, ¿verdad?"
"Ah, tem um corredor por aqui também.","Ah, there is a passage this way as well.","Ah, por aquí también hay un pasaje."
"Uma sala escondida! Que deleite.","A hidden room! How delightful.","¡Una sala secreta! Qué maravilla."
"Uma jóia vermelha, é?","A red jewel, is it?","Una joya roja, ¿no?"
"A loja de coisas estranhas pode lidar com tais artigos.","The strange-thing store might deal in such articles.","Puede que estas cosas estén a la venta en la tienda de artículos extraños."
"Vamos dar uma olhada.","Let's go check it out.","Vamos a comprobarlo."
"Um viva para nós que adquirirmos uma joia vermelha! Mas seria correto usarmos algo que obtivemos sem custo como presente?","Huzzah to us for acquiring a red jewel, but is it truly all right to make a present of something we received at no cost?","Me alegro de haber conseguido una joya roja, pero ¿es correcto hacer un regalo con algo que no te ha costado nada?"
"Eu acho que é a intenção que conta aqui.","I think it's the thought that counts here.","Lo que importa es la intención."
"E de quem é a boa vontade que estamos falando? Devo lembrá-lo que o doador deste presente sequer <FONT=ITALIC>está aqui</FONT>.","And whose thoughtfulness are we speaking of? Might I remind you the giver of this present is <FONT=ITALIC>not even here</FONT>.","No sé dónde ves el detalle. El responsable de entregar este regalo <FONT=ITALIC>ni siquiera está aquí</FONT>."
"Que jornada foi essa! Vamos imediatamente para a casa do casal.","What a journey this has been! Let us make for the couple's home at once.","¡Menudo viajecito! Vayamos de inmediato a la casa de esa pareja."
"Eu tenho que cantar... e me animar...","I have to sing...and cheer myself up...","Quiero cantar... y venirme un poco arriba..."
"Para onde... ele... foi?","Where...did he...go?","¿Dónde... se ha... metido?"
"Por que... me sinto ...desse jeito?","Why...do I...feel this way?","¿Por qué... me siento... así?"
"Eu digo, cada vez que encontramos aquele casal briguento de novo, seremos obrigados a aguentar outro dilúvio de conversa fiada e incessante!","I say, each time we encounter that bickering couple anew, we are made to endure an even further torrent of meaningless and incessant chatter!","¡Cada vez que nos topamos con esa pareja de gruñones, tenemos que aguantar un chaparrón de bobadas de padre y muy señor mío!"
"Sim, eles adoram falar, beleza. Te lembra alguém?","Yeah, they love to talk, all right. Remind you of anyone?","Sí, les encanta darle a la sin hueso. ¿Te recuerda a alguien?"
"O Grimório Weiss é cem vezes melhor que eles! Você não vê este velho livro flutuando provocando brigas e conflitos, vê?","Grimoire Weiss is one hundred times their better! You don't see this old tome flitting about starting donnybrooks and set-tos, now do you!?","¡Grimoire Weiss es cien veces mejor! ¡¿Acaso ves a este viejo tomo con ganas de trifulcas, dimes y diretes o qué?!"
"Vamos para a casa do cara da bolsa para que possamos entregar a jóia dele.","Let's head for bag dude's house so we can give him his jewel.","Vayamos a casa del tipo del zurrón para entregarle su joya."
"Eu imagino que seria mais rápido fazer o caminho até Seafront pelo canal.","I imagine it would be quickest to make for Seafront by way of the canal.","Supongo que llegaremos antes a Ciudad Costera si vamos por el canal."
,,
,,
,,
,,
,,
,,
,,
,,
,,
,,
"E pensar que o corpo da criatura poderia envolver um navio tão grande...","To think the creature's body could envelop such a massive ship...","Y pensar que el cuerpo de la criatura podría envolver tamaño navío..."
"Essa coisa vai destruir a cidade se não pararmos.","This thing will destroy the town if we don't stop it.","Como no la detengamos, acabará destruyendo la ciudad."
"Ele mantém uma distância que sua espada não pode alcançar. Use magia!","It maintains a distance your blade cannot reach. Meet it with magic!","Se mantiene fuera del alcance de tu espada. ¡Usa la magia para acercarte!"
"Essa coisa não é normal - então fique ligado a menos que queira morrer!","That thing ain't normal—so stay smart unless you wanna get dead!","No es una criatura convencional. ¡Ándate con ojo si valoras tu vida!"
"Uma variedade tão aterrorizante de projéteis... Desvie da melhor maneira possível!","Such a terrifying array of projectiles... Dodge as best you can!","Menuda ristra de proyectiles... ¡Esquívalos como puedas!"
"Eu não posso acreditar que uma Sombra tão enorme sequer existe...","I can't believe such a huge Shade even exists...","Me parece increíble que exista una Sombra tan grande..."
"A cabeça é imune à magia!","The head is immune to magic!","¡Su cabeza es inmune a la magia!"
,,
"Aponte para os tentáculos com rostos neles!","Aim for the tentacles with faces on them!","¡Céntrate en los tentáculos con caras!"
"Tentáculos com rostos... Que assustador!","Tentacles with faces... How very ghastly!","Tentáculos con caras... ¡Se me eriza la piel!"
"Eu não posso acreditar que aquela garotinha era na verdade ESSA coisa!","I can't believe that little girl was actually THIS thing!","¡Me cuesta creer que aquella niñita sea el bicho este!"
"Esta monstruosidade é diferente de qualquer coisa que já enfrentamos antes. Fiquem vigilantes!","This monstrosity is unlike anything we've faced before. Remain vigilant!","Nunca hemos visto nada parecido a este monstruo. ¡Concentración!"
"Esta coisa vai pagar pelo que fez com aquelas pessoas!","This thing is gonna pay for what it did to those people!","¡Va a pagar caro lo que le hizo a esa gente!"
"A cidade estará em grave perigo se deixarmos essa criatura por aí. Devemos acabar com isso aqui e agora!","The town will be in grave danger should we leave this creature be. We must end it here and now!","Si no nos encargamos de esta criatura, la ciudad sufrirá. ¡Esto acaba aquí y ahora!"
"Weiss...!","Weiss...!","¡Weiss...!"
"Eu tenho que... chegar até Weiss...","I have to...get to Weiss...","Tengo que... llegar hasta Weiss..."
"Weiss... Você está bem?","Weiss... You okay?","Weiss... ¿Estás bien?"
"C-claro...","O-of course...","P-por supuesto..."
"Er, quero dizer, claro! Quem você pensa que eu sou!? Tal ataque não é nada comparado ao poder de -","Er, I mean, of course! Who do you think I am!? Such an attack is naught compared to the might of—","Eh... ¡Pues claro! ¡¿Por quién me tomas?! Ese ataque no es nada para..."
"Weiss, cala a boca - tem algo estranho na Sombra agora.","Weiss, shut up—there's something weird about the Shade right now.","Calla, Weiss... Hay algo en la Sombra que no acaba de encajar."
"É mesmo? Bem, então essa pode ser a nossa chance.","Indeed? Well then, this might be our chance.","¿En serio? Pues esta podría ser nuestra oportunidad."
"Mesmo assim, provavelmente só temos magia suficiente para um último ataque.","Even so, we likely only have magic enough for one final strike.","Aun así, puede que solo nos quede magia para un último golpe."
"As partes que parecem humanas são imunes à magia!","The parts that look human are immune to magic!","¡Las zonas que parecen humanas son inmunes a la magia!"
"Venham aqui, seus merdinhas irritantes.","C'mere, you annoying little bastards.","Venid aquí, cabronas de mierda."
"Eu vou esmagar cada um de vocês!","I'll crush every last one of you!","¡Os voy a hacer pedazos!"
"Tem sido tão tranquilo ultimamente.","It's been so quiet lately.","Qué tranquilo está todo últimamente."
"É como se as coisas antigamente fossem bem mais... animadas.","I feel like things used to be a lot more...lively.","El ambiente solía ser mucho más... animado."
"Não tenho certeza do POR QUÊ tô me sentindo assim.","Not sure WHY I feel that way, though.","El caso es que no sé por qué me siento así."
"Ei. Tem alguém em casa?","Hey. Anybody home?","Eh. ¿Hay alguien en casa?"
"......","......","......"
"O que essas coisas tão fazendo aqui?","What are those things doing here?","¿Qué hacen aquí esas cosas?"
"Peraí, eles mataram os aldeões!?","Wait, did they kill the villagers!?","¿Cómo? ¡¿Han matado a los aldeanos?!"
"Ah, fala sério, MAIS?!","Oh come on, MORE?!","¡Venga, hombre! ¡¿Más?!"
"Ugh, eles não param de vir...","Ugh, they just keep on coming...","Buf, no dejan de aparecer..."
"Nós ficamos observando por muito tempo.","We have long been watching.","Llevamos mucho tiempo observando."
"Nós ficamos escutando por muito tempo.","We have long been listening.","Llevamos mucho tiempo escuchando."
"As histórias dos dos receptáculos reciclados.","The stories of recycled vessels.","Historias de receptáculos reutilizados."
"A voz de um mundo reciclado.","The voice of a recycled world.","La voz de un mundo reciclado."
"O que você vai nos mostrar?","What will you show us?","¿Qué nos vas a enseñar?"
"Vai nos mostrar seu potencial?","Will you show us your potential?","¿Nos vas a mostrar tu potencial?"
"Nos entretenha.","Entertain us.","Entretennos."
"Mas o quê? Esses robôs parecem diferentes dos anteriores.","What the heck? These robots seem different from the ones before.","¿Cómo? Estos robots no son como los de antes."
"Não diferentes o suficiente pra que eu não os mate.","Not different enough for me not to kill 'em.","Yo voy a acabar con ellos igualmente."
"Esse é... o castelo do Shadowlord?","Is this...the Shadowlord's castle?","¿Es este... el castillo del Señor de las sombras?"
"Kainé, estou sentindo uma magia poderosa mais à frente...","Kainé, I'm sensing some powerful magic up ahead...","Kainé, percibo una magia poderosa más adelante..."
"Este é um lugar muito especial.","This is a very special place.","Es un lugar muy especial."
"Para você. E para o mundo.","To you—and to the world.","Para ti y para el mundo."
"Deve ser a fonte de alimentação desses robôs... Vamos quebrar tudo isso aqui!","It must be what's powering the robots... Let's smash the hell out of it!",
"Atualizamos os dados que foram recriados a partir de suas memórias.","We upgraded the data that was recreated from your memories.","Hemos actualizado los datos que recreaban tus recuerdos."
"Você consegue derrotar esse pesadelo?","Can you defeat this nightmare?","¿Podrás con esta pesadilla?"
"Calem a porra da boca, só um segundinho, e me deixem matar essa coisa!","Shut your goddamn traps for one goddamn second and lemme kill it already!","¡Cerrad el pico de una puta vez y dejadme matarlo ya, coño!"
"Seus esforços são fúteis. Ele não pode ser parado.","Your efforts are futile. It cannot be stopped.","Vuestros esfuerzos son inútiles. Es inevitable."
"Não há como escapar deste pesadelo.","There is no escaping this nightmare.","De esta pesadilla no se puede escapar."
"Tinha mais alguém comigo quando enfrentei essa merda pela primeira vez...","Someone else was there when I first fought this bastard...","La primera vez que me enfrenté a este cabrón había alguien más..."
"Porra! Por que não consigo ME LEMBRAR!?","FUUUCK! Why can't I REMEMBER!?","¡JODEEEER! ¡¿Por qué no puedo recordar?!"
"Oh, vamos lá, seu covarde de merda!","Ugh, come ON already you fucking coward!","Buf, ¡vamos allá, cobarde de mierda!"
"Okay... Isso doeu...","Okay... That hurt...","Vale... Eso ha dolido..."
"A situação é perigosa. Aponte para onde está se reunindo energia mágica!","The situation is dangerous. Aim for where it's gathering magical energy!","La situación es precaria. ¡Ataca a los cúmulos de energía mágica!"
"Bem feito! Agora espanque essa besta!","Well done! Now clobber the beast!","¡Bien! ¡Machaca a la bestia!"
"Vamos botar pra foder!","Let's fuck it up good!","¡Vamos a darle bien por el culo!"
"Maldição! Fomos muito lentos.","Blast! We were too slow.","¡Maldita sea! Qué lentos hemos sido."
"Você está com a mente sã, meretriz? O que você está tentando fazer é extremamente...","Are you sound of mind, hussy? What you are attempting is extremely—","¿Tú estás bien de la chota, pelandrusca? Estás intentando algo demasiado..."
"Calado, livro. Vou fazer isso.","Cram it, book. I'm doing this.","Cierra el pico, libro. Voy a por todas."
"Entendi...","I see...","Ya veo..."
"Vamos terminar isso!","Let us finish this!","¡Acabemos con esto!"
"Caramba, como essa coisa AINDA NÃO MORREU!?","Fucking hell, how is this thing STILL NOT DEAD!?","¡Me cago en la puta! ¡¿Todavía no se ha muerto esta cosa?!"
"Não hesitem! Nós atacamos novamente!","Do not falter! We attack again!","¡Sin vacilar! ¡Allá vamos de nuevo!"
"Eu não entendi NADA que vocês, seus filhos da puta, disseram desde que COMEÇAMOS essa maldita aventura!","I have not understood a SINGLE FUCKING THING you shitty little ass-bangers have said since we STARTED this goddamn adventure!","¡No he entendido una mierda de todas las putas gilipolleces que habéis dicho!"
"Parece que tem muitas Sombras por aqui ultimamente...","Feels like there's a lot of Shades around lately...","Últimamente hay muchas Sombras..."
"Talvez eu deva verificar a vila de Yonah.","Maybe I should check in on Yonah's village.","Quizá podría echar un ojo en la aldea de Yonah."
"Seu golpe é poderoso, mas demora para se recuperar! Desvie e contra-ataque!","Its swing is powerful, but slow to recover! Dodge it and counterattack!","¡Sus golpes son fuertes, pero tarda en recuperarse! ¡Esquiva y contraataca!"
"Acho que está funcionando!","I think it's working!","¡Funciona!"
"É agora ou nunca, rapaz! Foque seus ataques na cabeça!","It's sink or swim now, lad! Focus your attacks on the head!","¡Ahora o nunca, chaval! ¡Apunta a la cabeza!"
"Okay, agora nós com CERTEZA conseguimos!","Okay, now we've for SURE got it!","¡Bien, ya lo tenemos!"
"Ainda não! O ferimento não foi fatal!","Not yet! The wound wasn't fatal!","¡Todavía no! ¡La herida no es letal!"
"Use o corpo dele como um apoio para subir e atacar o núcleo em sua boca!","Use its body as a foothold to climb up and attack the core in its mouth!","¡Escala por su cuerpo y ataca el núcleo que tiene en la boca!"
"Acho que você pode escalar seus tentáculos!","I think you can climb its tentacles!","¡Creo que puedes subir por los tentáculos!"
"Tente usar a Sombra como um apoio!","Try using the Shade as a foothold!","¡Ve apoyándote en la Sombra!"
"Cuidado onde pisa, rapaz! Não caia no mar!","Watch your step, lad! Do not tumble into the sea!","¡Ten cuidado, chico! ¡No te vayas a caer al agua!"
"Por que minha espada não consegue cortar essas balas?","Why can't my sword cut these bullets?","¿Por qué no puede mi espada con estas balas?"
"Caramba, que dor no meu traseiro...","Man, what a pain in my ass...","Joder, menudo coñazo..."
"Merda. Meus ataques não estão funcionando!","Shit. My attacks aren't working!","¡Mierda! ¡Mis ataques no sirven de nada!"
"Aff, como eu vou matar esse idiota!?","Ugh, how am I supposed to kill this asshat!?","Buf, ¡¿cómo voy a matar ahora al caramierda este?!"
"Merda... Isso é ruim...","Fuck... This is bad...","Joder... Esto pinta mal..."
"Use minha magia para tombar esta besta.","Use my magic to topple the beast.","Usa mi magia para derribar a la bestia."
"Presumo que você saiba como usar magia, sim? Então nos dê esse show, meretriz!","I presume you know how to use magic, yes? Then give us a show, hussy!","Supongo que sabrás usar la magia, ¿verdad? ¡Pues demuéstralo, pelandrusca!"
"Não preciso da sua ajuda para acabar com essa porra de sanduíche de merda!","I don't need your help to take out this goddamn fuck-waffle!","¡No necesito tu ayuda para acabar con esta puta boñiga de los cojones!"
"Os ataques de sua lâmina são inúteis.","Your blade's attacks are useless.","Tu espada no le hace nada."
"Tsc!","Tch!","¡Tsk!"
"Tudo que tá rolando aqui é muito zoado, e vocês vão pagar por isso!","This is some twisted shit right here, and you're gonna pay!","¡Me cago en todo lo que se menea! ¡Me las vas a pagar!"
"Eu não vou perder para você!","I won't lose to you!","¡Voy a acabar contigo cueste lo que cueste!"
"Seus ataques podem funcionar agora! Leve sua lâmina até ele!","Your attacks may work now! Take your blade to it!","¡Ahora! ¡Dale con la espada!"
"Não deixe sua determinação se abalar diante de meras ilusões novamente, meretriz!","Let not your resolution waver before mere illusions again, hussy!","¡Y actúa con determinación en todo momento, pelandrusca!"
"Não se preocupe! Farei o que precisa ser feito.","Don't worry! I'll do what needs to be done.","¡No te preocupes! Haré lo que tengo que hacer."
"Por que robôs estariam saindo de um lugar assim?","Why would robots be coming out of a place like that?","¿Cómo es que salen robots de un lugar como ese?"
"Sim, essa coisa está planejando algo...","Yeaaah, this thing's planning something...","Sííí, esta cosa tiene algo entre manos..."
"Desça aqui, seu merda!","Get DOWN here, fucknuts!","¡Venid aquí, basura con patas!"
"...Já chega.","...Quit it.","Déjalo..."
"...Se afasta.","...Back off.","Retírate..."
"Uau. Que lugar<FONT=ITALIC>é esse</FONT>?","Whoa. What <FONT=ITALIC>is</FONT> this place?","Hala. Pero ¿<FONT=ITALIC>dónde</FONT> estamos?"
"Pelo menos os caras maus não estão por perto.","At least there don't seem to be any bad guys around.","Al menos, no parece que haya malos por la zona."
"Emil, eu não tive a chance de te perguntar no meio de toda aquela luta rolando, mas...","Emil, I didn't get a chance to ask yet with all the fighting and shit, but...","Emil, con tanta pelea y tanta historia no te lo he podido preguntar, pero..."
"O que aconteceu com você naquela época? E onde você esteve? ...E por que que agora você tem <FONT=ITALIC>quatro braços</FONT>?","What happened to you back then? And where have you been? ...And why the hell do you have <FONT=ITALIC>four arms</FONT>?","¿Qué te pasó? ¿Dónde has estado? Y... ¿por qué coño tienes <FONT=ITALIC>cuatro brazos</FONT>?"
"K-Kainé, eu...","K-Kainé, I...","K-Kainé, verás..."
"Olha, vai demorar muito para explicar tudo isso agora.","Look, it's gonna take way too long to get into all that now.","Ahora mismo no tenemos tiempo para tantas explicaciones."
"Tudo bem.","Fine.","Vale."
"......","......","......"
"Eu estava preocupada, sabe?","I was worried, you know?","Estaba preocupada, ¿sabes?"
"Ah, Kainé...","Aw, Kainé...","Ay, Kainé..."
"Mas olha só para gente agora. Time Kamil, juntos de novo!","But look at us now. Team Kamil, back together again!","Lo importante es el presente. ¡El equipo Kamil vuelve al ataque!"
"Sim, acho que sim.","Yeah, I guess so.","Sí, ya..."
"Pare de me distrair.","Stop distracting me.","Deja ya de distraerme."
"Você é um arrombado do caralho, sabia?","You're an annoying fucker, aren't you?","Eres un plasta de cojones, ¿eh?"
"Tá se achando engraçadinho, né?","You think you're funny, huh?","No, si te creerás gracioso..."
"O que você está olhando?","The hell are you looking at?","¿Qué coño miras tú?"
"Deu uma espiada?","You catch a glimpse?","¿Tengo monos en la cara o qué?"
"Chega.","Enough already.","Ya está bien."
"......","......","......"
"Acha que é o fodão, né?","You think you're hot shit, huh?","Te creerás que vales algo, ¿no?"
"Este é o seu último aviso.","This is your last warning.","Último aviso."
"Tudo bem, vá se foder e morre, seu merdinha pervertido!","All right, fuck off and die, you pervy little shit!","¡Anda y que te den, so mierda!"
"Hm? Isso é...?","Hm? Is that...?","¿Mmm? ¿Es eso...?"
,,
"Ei! Aqui!","Hey! Over here!","¡Eh! ¡Aquí!"
