"Ah, olá! Como vão as coisas? ... Hmm? Você quer saber se algo fora do normal está acontecendo?","Oh, hello! How are things? ...Hmm? You want to know if anything unusual is happening?","¡Ah, hola! ¿Qué tal todo? ¿Mmm? ¿Que si ocurre algo fuera de lo normal?"
"Bem, tenho sentido uma presença bastante estranha sempre que visito a Árvore Divina.","Well, I have been feeling a rather strange presence whenever I visit the Divine Tree.","Bueno, la verdad es que noto una presencia extraña cada vez que me acerco al Árbol Divino."
"A Árvore Divina?","The Divine Tree?","¿El Árbol Divino?"
"É uma árvore lendária que existe no coração de nossa aldeia.","It's a legendary tree that exists in the heart of our village.","Un árbol legendario que hay en el corazón de nuestra aldea."
"Você investigou a causa dessa... presença?","Did you investigate the cause of this...presence?","¿Has investigado la causa de esta... presencia?"
"Não, de fato não.","Not really, no.","Pues no, la verdad."
"E por que não?","And why not?","¿Por qué no?"
"Bem, não é realmente permitido irmos perto da árvore, exceto para rezar.","Well, we're not really supposed to go near the tree, except for prayer.","Bueno, se supone que no podemos acercarnos al árbol a no ser que sea para rezar."
"E por quê!?","And why is that!?","¡¿Y eso por qué?!"
"Eu não sei. É como se as coisas sempre fossem assim.","I don't know. It's just how things have always been.","No lo sé. Así han sido siempre las cosas."
"... Estranho.","...Weird.","Qué raro..."
"Tem algo estranho acontecendo com a Árvore Divina.","There's something strange happening with the Divine Tree.","Algo raro ocurre con el Árbol Divino."
"Lembrei de algo. Tenho uma história interessante para você. Gostaria de ouvi-la?","That reminds me. I have a rather interesting story for you. Would you care to hear it?","Eso me recuerda que tengo una historia bastante interesante que contarte. ¿Quieres escucharla?"
"A presença estranha deixou a Árvore Divina.","The strange presence has left the Divine Tree.","La presencia extraña ha abandonado el Árbol Divino."
"Isso me fez pensar. Digo, por que estamos adorando uma árvore? Isso é estranho, não é? * suspiro * Às vezes me pergunto por que fazemos qualquer uma das coisas que fazemos.","But it made me think. I mean, why are we worshipping a tree? That's odd, right? *sigh* Sometimes I wonder why we do any of the things we do.","Pero eso ha hecho que me pregunte por qué adoramos a un árbol. Es muy raro, ¿no? *suspiro* A veces no sé por qué hacemos nada de lo que hacemos."
"Ah, isso me lembra! Eu tenho uma história bastante interessante para você. Você gostaria de ouvir?","Oh, that reminds me! I have a rather interesting story for you. Would you care to hear it?","¡Ah, eso me recuerda que tengo una historia bastante interesante que contarte! ¿Quieres escucharla?"
"Atividade incomum? Aqui? Não, eu não acho.","Unusual activity? Here? No, I don't think so.","¿Cosas fuera de lo normal? ¿Aquí? No, creo que no."
"Mas eu <FONT=ITALIC>tenho</FONT> uma história incrível para você! Quer ouvir?","But I <FONT=ITALIC>do</FONT> have an incredible story for you! Wanna hear it?","¡Pero lo que sí tengo es una historia increíble para ti! ¿Te apetece escucharla?"
"A chave do castelo do Shadowlord? Você está falando maluquices!","The key to the Shadowlord's castle? You're talking crazy talk!","¿La llave del castillo del Señor de las sombras? ¡Deja de decir pamplinas!"
"De qualquer maneira, chega de sua loucura. Vamos falar sobre MINHA história!","Anyway, enough of your madness. Let's talk about MY story!","Bueno, ya está bien de chorradas. ¡Hablemos de mi historia!"
"Nós somos a grama... As árvores... A floresta...","We are the grass... The trees... The woods...","Somos la hierba... Los árboles... El bosque..."
"......","......","......"
"......","......","......"
"Por que parece que temos encontrado só pessoas estranhas ultimamente?","Why do we seem to encounter nothing but odd people lately?","¿Cómo es que no dejamos de encontrarnos con gente rara últimamente?"
"Você devia falar, Weiss.","You should talk, Weiss.","Le dijo la sartén al cazo, Weiss."
"Pah! Como se Grimório Weiss fosse capaz de falar tais absurdos!","Pah! As if Grimoire Weiss is capable of spouting such nonsense!","¡Bah! ¡Como si Grimoire Weiss fuera capaz de decir tonterías de ese calibre!"
"Espere. Acho que ainda não acabou.","Hang on. I don't think it's done.","Espera. Creo que aún no ha acabado."
"... a entidade obscura que governa todas as memórias.","...the dark entity that governs all memories.","...la entidad oscura que gobierna sobre todos los recuerdos."
"... Que as palavras se formem de acordo com sua vontade.","...May the words form themselves to your liking.","Que las palabras se formen a tu gusto..."
"Isso significa que ele vai nos dizer o que queremos saber? Seria legal.","Does that mean it'll tell us what we want to know? That'd be nice.","¿Eso quiere decir que nos va a decir lo queremos saber? Porque estaría muy bien."
"Nós somos a grama... As árvores... A floresta...","We are the grass... The trees... The woods...","Somos la hierba... Los árboles... El bosque..."
"......","......","......"
"......","......","......"
"Por que parece que ultimamente encontramos apenas pessoas estranhas?","Why do we seem to encounter nothing but odd people lately?","¿Cómo es que no dejamos de encontrarnos con gente rara últimamente?"
"Você deveria falar, Weiss.","You should talk, Weiss.","Le dijo la sartén al cazo, Weiss."
"Pah! Como se Grimório Weiss fosse capaz de falar tanta besteira!","Pah! As if Grimoire Weiss is capable of spouting such nonsense!","¡Bah! ¡Como si Grimoire Weiss fuera capaz de decir tonterías de ese calibre!"
"Espere. Eu não acho que acabou.","Hang on. I don't think it's done.","Espera. Creo que aún no ha acabado."
"... é a entidade obscura que governa todas as memórias.","...is the dark entity that governs all memories.","...la entidad oscura que gobierna sobre todos los recuerdos."
"... Que as palavras se formem de acordo com sua vontade.","...May the words form themselves to your liking.","Que las palabras se formen a tu gusto..."
"Isso significa que ele vai nos dizer o que queremos saber? Seria legal.","Does that mean it'll tell us what we want to know? That'd be nice.","¿Eso quiere decir que nos va a decir lo queremos saber? Porque estaría muy bien."
"Ugh...","Ugh...","Ag..."
"Você deixou escapar pelos dedos.","You let it slip through your fingers.","Se te ha escurrido entre los dedos."
"Fala sério. Temos que voltar para aquela terra estúpida das palavras de novo? Ugh...","Come on. We have to go back to that stupid land of words again? Ugh...","Venga ya. ¿Tenemos que volver a la estúpida tierra de las palabras de nuevo? Uf..."
"O que é isso...?","What in the...?","¿Qué narices...?"
"Nunca percebi que as Sombras eram capazes de pensar racionalmente.","I never realized Shades were capable of rational thought.","No me había dado cuenta de que las Sombras son capaces de pensar de manera racional."
"Não me importo se eles sabem dançar sapateado e tocar violino.","I don't care if they can tap dance and play the fiddle.","Por mí como si saben bailar claqué y tocar el violín."
"Só quero matá-los sem toda essa complicação.","I just wanna kill 'em without all this hassle.","Yo solo quiero poder cargármelas sin tanto rollo."
"Com a árvore derrotada, não precisamos mais nos preocupar em sermos enterrados em seu mundo de letras.","With the tree defeated, we no longer have to worry about being buried in its world of letters.","Ahora que las tres han sido derrotadas, ya no tenemos que preocuparnos por acabar enterrados en este mundo de letras."
"A menos que, é claro, o próprio tempo comece a voltar... Hmm...","Unless, of course, time itself begins to rewind... Hmm... ","A menos, claro está, que al tiempo le dé por retroceder y... Mmm... "
"Preto. Escuridão pura. Escuridão completa.","Black. Pure darkness. Painted over everything.","Negro. Pura oscuridad. Pintándolo todo."
"Palavras. Espalhadas aqui e ali pela escuridão.","Words. Scattered here and there across the blackness.","Palabras. Repartidas por aquí y por allá a través de la negrura."
"Palavras amáveis. Palavras difíceis. Palavras amorosas. Todas brilhando no escuro como joias.","Kind words. Difficult words. Amorous words. All sparkling in the dark like jewels.","Palabras amables. Palabras duras. Palabras de amor. Todas refulgiendo en la oscuridad como diamantes."
"As palavras diminuíram. O tempo era mais curto.","The words were few now. But time was shorter.","Ya no quedaban muchas palabras. Pero tampoco mucho tiempo."
"Agarrando as palavras desesperadamente, a árvore se voltou para o céu.","Grabbing the words in desperation, the tree turned to the sky.","El árbol se giró hacia los cielos, aferrándose desesperadamente a las palabras."
"<FONT=ITALIC>Isto está errado,</FONT> sussurrou a árvore com a voz do vento pelas folhas. <FONT=ITALIC>Não era assim que deveria ser.</FONT>","<FONT=ITALIC>This is wrong,</FONT> whispered the tree in the voice of wind through the leaves. <FONT=ITALIC>This is not how it was supposed to be.</FONT>","<FONT=ITALIC>Esto está mal</FONT>, susurró el árbol con la voz del viento a través de las hojas. <FONT=ITALIC>Esto no es lo que debería ocurrir</FONT>."
"<FONT=ITALIC>O plano falhou.</FONT>","<FONT=ITALIC>The plan has failed.</FONT>","<FONT=ITALIC>El plan ha fracasado</FONT>."
"Uma vez, há muito tempo, a árvore lembrava-se de tudo sobre o mundo. Esse era o seu trabalho. Sua função. Seu propósito.","Once, long ago, the tree had remembered everything about the world. This was its task. Its function. Its purpose.","Hace mucho tiempo, el árbol lo recordaba todo sobre el mundo. Este era su cometido. Su función. Su propósito."
"Ela tremia com algo que se aproximava da alegria enquanto coletava as memórias da humanidade. <STOP>Isso não era um acidente; emoções eram tão parte da árvore quanto raiz e casca.","It shivered with something approaching joy as it collected the memories of mankind. <STOP>This was no accident; emotions were as much a part of the tree as root and bark.","Se estremecía con algo cercano a la dicha cuando reunía los recuerdos de la humanidad. <STOP>No era coincidencia, las emociones formaban parte del árbol tanto como las propias raíces o la corteza."
"Memórias coletadas como orvalho nas densas folhas verdes da árvore.","Memories collected like dew on the thick green leaves of the tree. ","Recuerdos acumulados como rocío sobre las gruesas hojas verdes del árbol. "
"E uma vez que elas formaram uma teia que abrangia todo o mundo.","And once they had formed a web that spanned the entire world.","Y que en su momento habían conformado una telaraña que se extendía por todo el mundo."
"Palavras se desfaziam em luz solar antes de passar pelas folhas e entrar na poça de memória. Da poça, as palavras se juntavam para formar colônias, as colônias se uniam em redemoinhos de luz, e a luz se condensava em estrelas. <STOP>Cada estrela era como uma criança da árvore, e ela amava todas elas.","Words collapsed into sunlight before passing through the leaves and into the pool of memory. From the pool, the words joined together to form colonies, the colonies united into whirlpools of light, and the light coalesced into stars. <STOP>Each star was like a child of the tree, and it loved them all. ","Las palabras se precipitaban hacia la luz del sol para filtrarse por el tamiz de las hojas hacia la fuente de los recuerdos. En dicha fuente, las palabras se unían entre sí y formaban colonias, unas colonias que se fusionaban en remolinos de luz y luego se materializaban en estrellas. <STOP>Cada estrella era como un una hija del árbol, y las amaba a todas. "
"<FONT=ITALIC>Olhe para a minha memória.</FONT>","<FONT=ITALIC>Look at my memory.</FONT>","<FONT=ITALIC>Mira mi recuerdo</FONT>."
"Uma criança está aqui, acometida por uma doença. Ele é jovem demais para ter sofrido tanto.","A child is here, brought low by disease. He is far too young to have suffered so.","Hay un niño, aquejado por alguna enfermedad. Es demasiado pequeño para haber sufrido tanto."
"Severamente magro, a pele do menino é mais pálida que os lençóis brancos em que ele está deitado. <STOP>Seus pais não o visitam mais, pois não suportam vê-lo sofrer. Os médicos há muito entregaram seu destino aos deuses.","Thin beyond words, the boy's skin is a shade paler than the bleached sheets upon which he lies. <STOP>His parents no longer visit him, for they cannot bear to watch him suffer. The doctors have long since surrendered his fate to the gods.","No es más que un saco de huesos y tiene la piel un tono más pálido que las sábanas sobre las que descansa. <STOP>Los padres, incapaces de verlo sufrir así, ya no vienen a verlo. Hace mucho que los doctores lo han dejado en manos de los dioses."
"O menino, também, abandonou a esperança. Emoções estranhas—cansaço, ódio—crescem nos recantos escuros de seu jovem coração. <STOP>Ele tenta rejeitar o terror negro que germina em seu corpo, mas nenhum esforço ou lágrima pode afastar o invasor.","The boy, too, has abandoned hope. Strange emotions—weariness, hatred—swell within the dark recesses of his young heart. <STOP>He tries to reject the black terror that germinates in his body, but no amount of effort or tears can drive the invader away.","El chico también ha abandonado toda esperanza. Entre los oscuros recovecos de su joven corazón emanan sentimientos tan extraños como el cansancio y el odio. <STOP>Él trata de rechazar el tenebroso horror que brota en su cuerpo, pero por más esfuerzos que haga o más lágrimas derrame, no puede expulsar al invasor."
"Ele não guarda mais rancor de seus pais e médicos há muito tempo. Antes ele fazia isso, mas agora sua dor é tão grande que há pouco espaço em seu coração para pensar nos outros.","He has long ceased to resent his parents and doctors. Once he did, but now his pain is so great that there is little room in his heart to think of others.","Hace tiempo que dejó atrás el resentimiento hacia sus padres y médicos, pero ahora su dolor es tal que apenas alberga espacio en su corazón para pensar en los demás."
"Apenas uma pessoa traz conforto ao garoto: uma jovem saudável com pele bronzeada e olhos castanhos profundos.","Only one person brings the boy comfort: a healthy young girl with tan skin and deep brown eyes.","Solo hay una persona en la que el chico encuentra regocijo: una joven lozana de piel morena y profundos ojos de color marrón."
"Apenas uma pessoa traz conforto ao garoto: uma jovem saudável com pele bronzeada e olhos verdes profundos.","Only one person brings the boy comfort: a healthy young girl with tan skin and deep green eyes.","Solo hay una persona en la que el chico encuentra regocijo: una joven lozana de piel morena y profundos ojos de color verde."
"Apenas uma pessoa traz conforto ao garoto: uma jovem saudável com pele bronzeada e olhos azuis profundos.","Only one person brings the boy comfort: a healthy young girl with tan skin and deep blue eyes.","Solo hay una persona en la que el chico encuentra regocijo: una joven lozana de piel morena y profundos ojos de color azul."
"Ela é uma fagulha de luz no mundo do menino; sua simples presença é um conforto para ele.","She is a beacon of brightness and light in the boy's world; her very presence is a comfort to him. ","Representa la luz que marca el camino para él. Su mera presencia le reconforta."
"Mas ele não consegue olhar para o rosto dela.","But he is unable to look upon her face.","No obstante, es incapaz de mirarle a la cara."
"Sempre que se encontram, o garoto é preenchido com desgosto por seu próprio estado. Logo, esse desgosto corrói o pouco de alegria que ele recebe das visitas da garota.","Whenever they meet, the boy is filled with loathing for his own state. Soon, this loathing eats away at what joy he receives from the girl's visits.","Cada vez que se encuentran, él rezuma desprecio por su propio estado. Este odio no tarda en fulminar la alegría que siente cuando la chica lo visita."
"A garota pararia de vir. Ele sabia disso. Todos os momentos em que ele está acordado são gastos com medo desse dia.<PAGE>","The girl will stop coming. He knows this. His every waking moment is spent in fear of this day.<PAGE>","La chica dejará de aparecer. Él lo sabe. Cada momento de vigilia lo pasa temiendo ese día.<PAGE>"
"Ele pensa que se pudesse conversar com ela—se pudesse contar o que sentia—talvez não fosse assim.<LF>Mas essa conversa nunca aconteceu.","He thinks that if he could talk to her—if he could tell her of his feelings—this might not be so.<LF>But this conversation never happens.","Desearía poder hablar con ella y mostrarle sus sentimientos para impedirlo, pero la conversación nunca se da."
"A garota desaparece.","The girl disappears.","La chica desaparece."
"O menino morre sozinho.","The boy dies alone.","El chico muere en soledad."
"A árvore pega essa memória e cuidadosamente a armazena dentro de si. Gravada nela há uma única palavra: Inveja.","The tree scoops up this memory and carefully stores it within itself. Etched upon it is a single word: Envy.","El árbol recoge este recuerdo y lo almacena cuidadosamente en su interior. En él hay grabada una sola palabra: envidia."
"<FONT=ITALIC>Olhe minha memória.</FONT>","<FONT=ITALIC>Look at my memory.</FONT>","<FONT=ITALIC>Mira mi recuerdo</FONT>."
"Existe uma guerreira mulher.","There is a female warrior.","Hay una guerrera."
"Seu maior inimigo é uma besta com olhos vermelhos que ela não consegue entender completamente. Quando ela a golpeia com sua espada, a criatura se transforma em um pilar de sal e morre.","Her greatest enemy is a beast with red eyes that she cannot fully comprehend. When she strikes it with her sword, it turns into a pillar of salt and dies.","Su gran enemigo es una bestia de ojos rojos a la que no acierta a comprender. Al golpearla con su espada, la bestia se convierte en una columna de sal y muere."
"Mas quando a fumaça branca se dissipa, um novo inimigo surge.<LF><STOP>E outro.<LF><STOP>E outro.","But when the white smoke clears, a new enemy rises.<LF><STOP>And another.<LF><STOP>And another.","Sin embargo, cuando el humo blanco se disipa, aparece un nuevo enemigo.<LF><STOP>Y otro.<LF><STOP>Y otro."
"A guerreira sabe que sua luta é tola, mas lutar contra o fluxo interminável de inimigos a enche de alegria e propósito.","The warrior knows that her struggle is folly, but fighting the unending stream of enemies fills her with a sense of joy and purpose.","La guerrera sabe que sus esfuerzos no sirven de nada, pero se siente realizada al enfrentarse al interminable flujo de rivales."
"Em algum lugar profundo da mente viciosa da guerreira existe uma vaga lembrança de uma filha. <STOP>Talvez a criança exista apenas em sua cabeça; os restos moribundos de um sonho poderoso. Ela não sabe.","Somewhere deep in the warrior's drug-addled mind lies a vague memory of a daughter. <STOP>Perhaps the child exists only in her head; the dying remnants of a powerful dream. She does not know.","En las profundidades de la mente intoxicada de la guerrera queda un vago recuerdo de una hija. <STOP>Puede que solo exista en su cabeza, que solo sean los últimos reductos de un intenso sueño. Está confusa."
"Seus amigos, companheiros guerreiros vão e vêm. Alguns fogem aterrorizados. Alguns são comidos. <STOP>Ela começou a luta com 23 companheiros, mas a maioria já se foi.","Her friends and fellow warriors come and go. Some flee in terror. Some are eaten. <STOP>She began the fight with 23 companions, but most are gone now.","Sus amigos guerreros vienen y van. Algunos huyen despavoridos, otros son devorados. <STOP>Emprendió la lucha junto a 23 compañeros, pero la mayoría han pasado a mejor vida."
"Seus amigos, companheiros guerreiros vão e vêm. Alguns fogem aterrorizados. Alguns são comidos. <STOP>Ela começou a luta com 33 companheiros, mas a maioria já se foi.","Her friends and fellow warriors come and go. Some flee in terror. Some are eaten. <STOP>She began the fight with 33 companions, but most are gone now.","Sus amigos guerreros vienen y van. Algunos huyen despavoridos, otros son devorados. <STOP>Emprendió la lucha junto a 33 compañeros, pero la mayoría han pasado a mejor vida."
"Seus amigos, companheiros guerreiros vão e vêm. Alguns fogem aterrorizados. Alguns são comidos. <STOP>Ela começou a luta com 63 companheiros, mas a maioria já se foi.","Her friends and fellow warriors come and go. Some flee in terror. Some are eaten. <STOP>She began the fight with 63 companions, but most are gone now.","Sus amigos guerreros vienen y van. Algunos huyen despavoridos, otros son devorados. <STOP>Emprendió la lucha junto a 63 compañeros, pero la mayoría han pasado a mejor vida."
"O corpo da guerreira treme. Ela não entende por quê no começo.","The warrior's body shudders. She does not understand why at first.","El cuerpo de la guerrera se estremece. Al principio, desconoce el motivo."
"Quando ela ouve o som feroz e baixo, a arena já está envolta em escuridão. Olhando para cima, a guerreira vê uma besta tão grande que encobre o céu.","By the time she hears the fierce, low sound, the arena is already enclosed in darkness. Looking up, the warrior sees a beast so large that it blots out the sky.","Cuando oye el grave y violento ruido, la arena ya está envuelta en tinieblas. Al mirar hacia arriba, observa que hay una bestia cuyo tamaño impide ver el cielo."
"Ela está rindo. Ela tem feito isso desde que consegue se lembrar.","She is laughing. She has been doing so for as long as she can remember.","Ríe. Que ella recuerde, siempre lo ha hecho."
"Coberta de sangue e sujeira, a guerreira ri. Ela ri e ri até que a cidade que contém sua filha desmorona em um monte de poeira.","Covered in blood and dirt, the warrior laughs. She laughs and laughs until the town that contains her daughter collapses into a pile of dust.","Cubierta en sangre y tierra, la guerrera ríe. Ríe sin cesar hasta que la ciudad donde mora su hija acaba reducida a cenizas."
"Esta memória tem sido armazenada por muito tempo. Ela é gravada com uma única palavra: Perda.","This memory has been stored for a long time. It is etched with a single word: Loss.","Este recuerdo lleva mucho tiempo almacenado. Lleva grabada una sola palabra: pérdida."
"<FONT=ITALIC>Olhe para minha memória.</FONT>","<FONT=ITALIC>Look at my memory.</FONT>","<FONT=ITALIC>Mira mi recuerdo</FONT>."
"Um dragão vermelho cai dos céus...","A red dragon falls from the heavens... ","Un dragón rojo cae desde los cielos... "
"<FONT=ITALIC>Ah, aquela memória foi perdida. Uma pena. Era uma das minhas favoritas.</FONT>","<FONT=ITALIC>Ah, that memory has been lost. A shame. It was a favorite of mine.</FONT>","<FONT=ITALIC>Ah, ese recuerdo se ha perdido. Una lástima. Era uno de mis favoritos.</FONT>"
"Depois de muitos séculos de existência, a árvore viu que suas memórias cuidadosamente rotuladas estavam começando a diminuir.","After many centuries of existence, the tree saw that its carefully labeled memories were beginning to dwindle.","Tras numerosos siglos de existencia, el árbol observó que sus recuerdos, etiquetados con sumo esmero, comenzaban a menguar."
"Antes aparentemente infinitas, as memórias agora pareciam prontas para desaparecer para sempre.","Once seemingly infinite, the memories now seemed ready to disappear forever.","Otrora aparentemente infinitos, los recuerdos comenzaban a mostrar síntomas de desaparición inminente."
"A árvore não sentia tristeza com isso; o pesar era uma emoção além de sua compreensão.","The tree did not feel sadness at this; grief was an emotion beyond its comprehension.","El árbol no sintió pena por ello. Cualquier atisbo de pesar era un sentimiento que escapaba a su comprensión."
"No entanto, ela sentia genuinamente que algo estava faltando.","It did, however, have the distinct feeling that something was missing.","Mas, eso sí, tuvo la sensación de que algo faltaba."
"O monte de memórias que ela havia cuidadosamente reunido havia desaparecido.","The mountain of memories it had so carefully assembled had disappeared.","La montaña de recuerdos que con tanto mimo había reunido, había desaparecido."
"A árvore esticou seus galhos o máximo que pôde, mas novas memórias se recusaram a fluir.","The tree stretched its branches as far as it could, but new memories refused to flow.","El árbol extendió las ramas al máximo, pero ningún recuerdo nuevo pareció fluir."
"O poço de memórias era um buraco negro vazio; um lugar oco onde a vida uma vez floresceu.","The pool of memories was a black, empty pit; a hollow place where life had once flourished.","La fuente de recuerdos pasó a ser un foso negro y vacío, un hueco donde una vez floreció la vida."
"A árvore havia perdido seu propósito.","The tree had lost its purpose.","El árbol había perdido su propósito."
"Não havia nada a ser feito além de vasculhar as poucas lembranças restantes espalhadas pelo chão debaixo de suas ramificações.","There was nothing to be done but sift through the few remaining memories littering the ground under its branches.","No quedaba sino examinar los pocos recuerdos que permanecían, bajo sus ramas, esparcidos por el suelo."
"Por isso, a árvore ficou feliz quando o jovem e seu companheiro entraram na sala.","This is why the tree was pleased when the young man and his companion entered the room.","Por este motivo, al árbol le agradó que el joven y su acompañante se presentaran en la sala."
"<NIER>: Bem, esse lugar é sombrio pra caramba.","<NIER>: Well, this place is gloomy as hell.","<NIER>: Pues sí que es sombrío este lugar."
"A sala em que <NIER> entrou estava quase completamente vazia.","The room <NIER> had entered was almost completely empty.","La sala en la que <NIER> había entrado estaba casi vacía por completo."
"Tudo o que ele conseguia ver eram alguns cristais espalhados desordenadamente pelo chão.","All he could see were a few crystals scattered haphazardly on the ground.","Solo acertó a ver unos cristales descuidadamente esparcidos por el suelo."
"Pegando um dos cristais e olhando para dentro dele, <NIER> de repente viu uma cena familiar.","Picking up one of the crystals and peering into it, <NIER> suddenly saw a familiar sight. ","Tras coger uno de ellos y observarlo, <NIER> vio de repente algo que le era conocido. "
"Era a Floresta dos Mitos—seus moradores prisioneiros de seus próprios sonhos.","It was the Forest of Myth—its villagers prisoners of their own dreams.","Se trataba del Bosque de las Leyendas, cuyos aldeanos son prisioneros de sus propios sueños."
"<FONT=ITALIC>Peco desculpas,</FONT> pensou a árvore. <FONT=ITALIC>Isto é tudo o que resta.</FONT>","<FONT=ITALIC>I apologize,</FONT> the tree thought. <FONT=ITALIC>That is all that remains.</FONT>","<FONT=ITALIC>Pido perdón</FONT>, pensó el árbol. <FONT=ITALIC>Eso es todo lo que queda.</FONT>"
"Enquanto <NIER> olhava fixamente para a joia, confuso, uma voz de repente chamou-o das profundezas de sua mente.","As <NIER> stared at the jewel, bewildered, a voice suddenly called out from the depths of his mind.","Mientras <NIER>, perplejo, clavaba la mirada en la joya, una voz sonó de repente de las profundidades de su mente."
"A voz implorou para que eles ouvissem.","The voice implored them to listen.","La voz le rogaba atención."
"Era uma ordem. Segui-la era obrigatório.","It was an order. Following it was mandatory.","Era una orden. Seguirla era obligatorio."
"De repente, o par percebeu que <WAIT=0.2> precisava <WAIT=0.1> ouvir<LF><WAIT=0.4> Eles <WAIT=0.2> pre <WAIT=0.15> cis <WAIT=0.15> ava <WAIT=0.3> m <WAIT=0.2>escutar!","Abruptly, the pair realized that <WAIT=0.2>they <WAIT=0.1>must <WAIT=0.1>listen.<LF><WAIT=0.4>They  <WAIT=0.2>m <WAIT=0.15>us <WAIT=0.15>t  <WAIT=0.3>li <WAIT=0.2>st <WAIT=0.1>en!","De golpe, se dieron cuenta de que <WAIT=0.2>ambos <WAIT=0.1>debían <WAIT=0.1>escuchar.<LF><WAIT=0.4>¡Ambos <WAIT=0.2>de <WAIT=0.15>ben <WAIT=0.15>es <WAIT=0.3>cu <WAIT=0.2>ch <WAIT=0.1>ar!"
"Weiss: Olhe ali.","Weiss: Look there.","Weiss: Fíjate."
"Uma pequena presença sombria apareceu debaixo do chão.","A small, shadowy presence appeared from beneath the floor.","Una pequeña y sombría figura emergió desde el suelo."
"Parecia ser uma Sombra.","It appeared to be a Shade.","Parecía ser una Sombra."
"A Sombra segurava várias joias em sua mão. Mais joias escorriam de sua boca como fragmentos de dentes quebrados, visões e sons tilintando em cada uma antes de desaparecerem para sempre.","The Shade grasped several jewels in its hand. More jewels tumbled out of its mouth like shards of broken teeth, sights and sounds tinkling from each one before vanishing forever. ","La Sombra sostenía varias joyas en la mano mientras que, como si fueran fragmentos de dientes rotos, escupía algunas más. Estas mostraban imágenes y emitían sonidos antes de desaparecer para siempre. "
"A criatura estava abusando das memórias, tratando os objetos preciosos como uma coleção de brinquedos baratos de sala de jogos.","The creature was abusing the memories, treating the precious objects like a collection of cheap playroom toys.","La criatura se divertía vilmente con los recuerdos y maltrataba los valiosos objetos como si fueran una pila de juguetes baratos."
"Weiss: Esta Sombra parece estar consumindo as memórias.","Weiss: This Shade appears to be consuming the memories.","Weiss: Parece que esta Sombra se nutre de los recuerdos."
"<NIER>: Essas coisas comem memórias?","<NIER>: These things eat memories?","<NIER>: ¿Estos bichos comen recuerdos?"
"A árvore estendeu um galho em direção a <NIER>.","The tree extended a branch toward <NIER>.","El árbol extendió una rama hacia <NIER>."
"Sem hesitar, <NIER> desceu sua lâmina na Sombra, rasgando sua larga barriga.","Without a second thought, <NIER> brought his blade down on the Shade, tearing its stomach wide.","Sin pensárselo dos veces, <NIER> clavó su espada en la Sombra y le abrió el estómago de cuajo."
"Joias explodiram da Sombra e se derramaram pelo chão da câmara. <PAGE>","Jewels burst from the Shade and poured across the chamber floor.<PAGE>","La Sombra expulsó varias joyas que quedaron esparcidas por el suelo.<PAGE>"
"<FONT=ITALIC> Olhe, </FONT> pensou a árvore. <FONT=ITALIC> Está a memória da Convicção que eu tinha perdido. E Satisfação. E muitos outros também. Sim, isso é bom.</FONT>","<FONT=ITALIC>Look,</FONT> thought the tree. <FONT=ITALIC>There is the Conviction memory I had lost. And Satisfaction. And many others as well. Yes, this is good.</FONT>","<FONT=ITALIC>Mira</FONT>, pensó el árbol. <FONT=ITALIC>Ahí está el recuerdo de certeza que había perdido. Y el de satisfacción. Y muchos otros. Sí, esto me gusta.</FONT>"
"A árvore abriu sua boca e tentou falar, mas nenhum som saiu.","The tree opened its mouth and attempted to speak, but no sound emerged.","El árbol abrió la boca y se dispuso a hablar, pero no emitió sonido alguno."
"Um milênio de silêncio e solidão havia feito a árvore esquecer certas coisas. Mas, em vez de ficar chateada, ela retribuiu o desenvolvimento com bom humor. <STOP> Concentrando todo o seu poder no enigma da fala, a árvore formou uma espécie de corda vocal improvisada e tentou novamente. <PAGE>","A millennium of silence and solitude had caused the tree to forget certain things. But rather than be upset, it greeted the development with good cheer. <STOP>Focusing all its power on the riddle of speech, the tree formed a kind of makeshift vocal cord and tried again.<PAGE>","Mil años de silencio y soledad habían provocado que el árbol olvidara ciertas cosas, mas lejos de mostrarse contrariado, mostró buen talante. <STOP>Concentrando toda su energía en poder articular palabras, el árbol improvisó una especie de cuerda vocal y volvió a intentarlo.<PAGE>"
"""Ahem! Eu... Eu imploro..."" *COF COF*","""Ahem! I... I implore..."" *HACK*","""¡Ejem! Yo... Yo te imploro..."" *Argh*"
"Ele cuspiu uma joia verde brilhante.","It spat out a glimmering green jewel.","Escupió una joya verde brillante."
"<FONT=ITALIC>Hmmm. Mais uma vez.</FONT>","<FONT=ITALIC>Hmmm. One more time.</FONT>","<FONT=ITALIC>Mmm. Otra vez.</FONT>"
"""Eu imploro a você.""","""I implore you.""","""Yo te imploro""."
"<FONT=ITALIC>Cá estamos.</FONT>","<FONT=ITALIC>There we are.</FONT>","<FONT=ITALIC>Eso es.</FONT>"
"""Qual era a cor da inveja perdida?""","""What was the color of the lost envy?""","""¿De qué color es la envidia perdida?"""
"<LIST=1030>Marrom</LIST><LF><LIST=1031>Verde</LIST><LF><LIST=1032>Azul</LIST>","<LIST=1030>Brown</LIST><LF><LIST=1031>Green</LIST><LF><LIST=1032>Blue</LIST>","<LIST=1030>Marrón</LIST><LF><LIST=1031>Verde</LIST><LF><LIST=1032>Azul</LIST>"
,,
,,
,,
"Weiss: Ele falou! Essa Sombra tem inteligência! E emoção!","Weiss: It spoke! This Shade has intelligence! And emotion!","Weiss: ¡Ha hablado! ¡Esta Sombra es inteligente! ¡Y tiene sentimientos!"
"<NIER>: Quem se importa?","<NIER>: Who cares?","<NIER>: ¿Y qué más da?"
"<NIER> ignorou o comentário de Weiss enquanto sua espada fatiava o braço direito da Sombra.","<NIER> brushed Weiss's comment aside as his sword sliced through the Shade's right arm.","<NIER> desdeñó el comentario de Weiss mientras su espada cortaba el brazo derecho de la Sombra."
"A Sombra o que restava de seu braço para <NIER>. <FONT=ITALIC>Preciso tocá-lo. Preciso fazer contato.</FONT>","The Shade extended its remaining arm to <NIER>. <FONT=ITALIC>I must touch him. I must make contact.</FONT>","Esta extendió su otro brazo hacia <NIER>. <FONT=ITALIC>Tengo que tocarle. Debo establecer contacto.</FONT>"
"No momento em que seus dedos tocaram <NIER>, a árvore sentiu uma sensação quente começar a queimar. Algo quente correu pelos seus dedos, subiu pelo seu braço e se espalhou por todo o seu corpo. <PAGE> Era emoção, mais do que a entidade havia sentido em séculos.","The moment its fingers brushed against <NIER>, the tree felt a warm sensation begin to burn. Something hot coursed through its fingers, up its arm, and out to its entire body.<PAGE>It was emotion, more than the entity had felt in centuries.","En cuanto rozó a <NIER> con los dedos, el árbol empezó a recibir una cálida sensación. Algo caliente atravesó sus dedos hasta su brazo y, de allí, se expandió por todo su cuerpo.<PAGE>Era emoción, más de la que había sentido en siglos."
"A árvore gritou de surpresa e alegria.","The tree cried out in surprise and joy.","Sorprendido, el árbol gritó de gozo."
"Mil anos sozinha. Mil anos em contemplação silenciosa. <LF><STOP> A árvore sentiu como se fosse se despedaçar. <PAGE>","One thousand years alone. One thousand years in quiet contemplation.<LF><STOP>The tree felt like it was going to break apart.<PAGE>","Mil años de soledad. Mil años de mera contemplación.<LF><STOP>El árbol sintió que se iba a quebrar.<PAGE>"
"Por longos séculos, a árvore esteve sozinha, seu coração selado com pesadas correntes. Mas não mais. <STOP> Novas e poderosas emoções começaram a tomar conta, fazendo seu coração se iluminar. <STOP> Isso era mais do que as simples emoções que ela havia sido projetada para sentir: eram o começo de uma alma.","For long centuries, the tree had been alone, its heart sealed with heavy chains. But no more. <STOP>New, powerful emotions began to take hold, causing its heart to lighten. <STOP>This was more than the simple emotions it had been designed to feel: it was the beginnings of a soul.","El árbol había estado solo durante largos siglos, su corazón preso bajo pesadas cadenas. Pero eso se había acabado. <STOP>Nuevas emociones comenzaban a iluminarle por dentro. <STOP>No se trataba de las emociones sencillas para las que había sido diseñado: aquello suponía el nacimiento de un alma."
"E o jovem era a chave.","And the young man was the key.","Y el chico fue la llave."
"Essa promessa foi feita há muito tempo. E assim seria liberada.","This was the promise made long ago. This was how it would be released. ","Esta fue la promesa realizada tiempo atrás. Así se liberaría. "
"O estômago da árvore começou a latejar de dor—uma sensação nova e desagradável.","The tree's stomach began to throb in pain—a new and unpleasant sensation. ","El estómago del árbol empezó a palpitar de dolor, una nueva y desagradable sensación. "
"Mas ainda não era a hora certa.","But the time was not yet right.","Pero el momento no había llegado aún."
"""Eu imploro: Quantos foram perdidos pelo guerreiro que lutou contra as bestas de olhos vermelhos?""","""I implore you: How many were lost by the warrior who fought the red-eyed beasts?""","""Yo te imploro: ¿cuántos perdieron la vida ante la guerrera que se enfrentó a las bestias de ojos rojos?"""
"<LIST=1036>Sua filha e 23 amigos</LIST><LF><LIST=1037>Sua filha e 33 amigos</LIST><LF><LIST=1038>Sua filha e 63 amigos</LIST>","<LIST=1036>Her daughter and 23 friends</LIST><LF><LIST=1037>Her daughter and 33 friends</LIST><LF><LIST=1038>Her daughter and 63 friends</LIST>","<LIST=1036>Su hija y 23 amigos</LIST><LF><LIST=1037>Su hija y 33 amigos</LIST><LF><LIST=1038>Su hija y 63 amigos</LIST>"
,,
,,
,,
"<NIER>: Ok, acabou a charada. Vou matar essa maldita Sombra de uma vez por todas.","<NIER>: Okay, riddle time is over. I'm gonna kill this stupid Shade once and for all.","<NIER>: Bueno, ya está bien de acertijos. Voy a acabar con esta Sombra de una vez por todas."
"Algo redondo e brilhante caiu do estômago aberto e caiu no chão fazendo barulho.","Something round and shiny fell from the open stomach and clattered to the floor.","Un objeto redondo y brillante cayó del estómago rajado y se estrelló contra el suelo."
"""A chave!"" gritou o livro. ""Proteja a chave!""","""The key!"" cried the book. ""Secure the key!""","""¡La llave!"", gritó el libro. ""¡Protege la llave!""."
"A espada do homem desacelerou.","The man's sword slowed.","La espada del hombre perdió velocidad."
"O tempo começou a se dilatar ao redor deles, esticando e desacelerando. Tempo é essencial. A próxima palavra deve ser ouvida.","Time began to dilate around them, stretching and slowing. Time is essential. The next word must be heard.","El tiempo comenzó a dilatarse a su alrededor, estirándose y frenándose. El tiempo es esencial. La siguiente palabra ha de ser oída."
"As palavras explodiram. Tornou-se difí<WAIT=0.1>cil discernir o seu sig<WAIT=0.1>nificado. O re<WAIT=0.15>servatório de <WAIT=0.05>memórias<WAIT=0.2>começou<WAIT=0.05>a ra<WAIT=0.1>char à medida que a escuridão infinita<WAIT=0.15> cavava o<WAIT=0.05>seu caminho na parede.<WAIT=0.5>Wei<WAIT=0.1>ss: ""Este<WAIT=0.2>mundo está<WAIT=0.2>demoronando!""<WAIT=0.5><NIER>: ""Como pode<WAIT=0.2>um mun<WAIT=0.1>do de le<WAIT=0.35>tras...","The words exploded. It became diffi <WAIT=0.1>cult to discern their  m <WAIT=0.1>eaning. The p <WAIT=0.15>ool of <WAIT=0.05>memo <WAIT=0.2>ries began <WAIT=0.05>to cr  <WAIT=0.1>ack as  infinite black <WAIT=0.15>ness  burrowed its <WAIT=0.05>way into  the wall. <WAIT=0.5>Wei <WAIT=0.1>ss: ""Thi <WAIT=0.2>s world is fa  <WAIT=0.2>lling apart!"" <WAIT=0.5><NIER>: ""How can   <WAIT=0.2>a wo  <WAIT=0.1>rld of  le     <WAIT=0.35>tt    <WAIT=0.25>ers","Las palabras explotaron. Parecía difí <WAIT=0.1>cil discernir su  s<WAIT=0.1>ignificado. La f <WAIT=0.15>uente de <WAIT=0.05>recu <WAIT=0.2>erdos comenzó <WAIT=0.05>a agri <WAIT=0.1>etarse mientras  una infinita neg <WAIT=0.15>rura se abría <WAIT=0.05>paso por  la pared. <WAIT=0.5>Wei <WAIT=0.1>ss: ""¡Est <WAIT=0.2>e mundo se vi  <WAIT=0.2>ene abajo!"" <WAIT=0.5><NIER>: ""¿Cómo puede  <WAIT=0.2>un mun  <WAIT=0.1>do de  le     <WAIT=0.35>t    <WAIT=0.25>ras"
"""Imploro... <STOP>a coisa mais importante<WAIT=0.2>... <STOP>no mun <WAIT=0.2>do""","""I implore...    <STOP>most important <WAIT=0.2>thing     <STOP>wo <WAIT=0.2>rld""","""Yo te imploro...    <STOP>lo más <WAIT=0.2>importante     <STOP>mu <WAIT=0.2>ndo"""
"<LIST=1042> Yo nah</LIST><LF><LIST=1042>Yo nah</LIST><LF><LIST=1042> Yo nah</LIST>","<LIST=1042>    Yo   nah</LIST><LF><LIST=1042>Yo       nah</LIST><LF><LIST=1042>        Yo nah</LIST>","<LIST=1042>    Yo   nah</LIST><LF><LIST=1042>Yo       nah</LIST><LF><LIST=1042>        Yo nah</LIST>"
"... ... ","... ... ","... ... "
"... ... ... ... ","... ... ... ... ","... ... ... ... "
"... ... ... ... ... ... ... ... ","... ... ... ... ... ... ... ... ","... ... ... ... ... ... ... ... "
"<LF><LF><LF><LF>A luz era completa.<PAGE>","<LF><LF><LF><LF>The light was complete.<PAGE>","<LF><LF><LF><LF>La luz estaba completa.<PAGE>"
"<LF><LF><LF><LF>As memórias desapareceram.<PAGE>","<LF><LF><LF><LF>The memories disappeared.<PAGE>","<LF><LF><LF><LF>Los recuerdos desaparecieron.<PAGE>"
"<LF><LF><LF><LF>A identidade da árvore começou a se dissolver.<PAGE>","<LF><LF><LF><LF>The tree's identity began to dissolve.<PAGE>","<LF><LF><LF><LF>La identidad del árbol comenzó a desaparecer.<PAGE>"
"Conforme as letras iam desaparecendo lentamente, <NIER> foi trazido de volta para o mundo real.","As the letters slowly faded, <NIER> was drawn back to the real world.","A medida que las letras se borraban lentamente, <NIER> volvió al mundo real."
"E a árvore ficou satisfeita.","And the tree was satisfied.","Y el árbol quedó satisfecho."
"Portanto ... ... ... ... ... ... ... ... ... ... ... ... ... ... ... ... ... ...","Therefore ... ... ... ... ... ... ... ... ... ... ... ... ... ... ... ... ... ","Por todo ello, ... ... ... ... ... ... ... ... ... ... ... ... ... ... ... ... ... "
"... ... ... ... ... ... ... ... ... ... ... ... ... ... ... ... ... ... ... ... ... ","... ... ... ... ... ... ... ... ... ... ... ... ... ... ... ... ... ... ... ... ... ","... ... ... ... ... ... ... ... ... ... ... ... ... ... ... ... ... ... ... ... ... "
"... ... ... ... ... ... ... ... ... ... ... ... ... ... ... ... ... ... ... ... ... ","... ... ... ... ... ... ... ... ... ... ... ... ... ... ... ... ... ... ... ... ... ","... ... ... ... ... ... ... ... ... ... ... ... ... ... ... ... ... ... ... ... ... "
"... ... ... ... ... ... ... ... ... ... ... ... ... ... ... ... ... ... ... ... ... <STOP><LF>... ... ... ... ... ... ... ... ... ... ... ... ... ... ... ... ... ... ... ... ...","... ... ... ... ... ... ... ... ... ... ... ... ... ... ... ... ... ... ... ... ... <STOP><LF>... ... ... ... ... ... ... ... ... ... ... ... ... ... ... ... ... ... ... ... ...","... ... ... ... ... ... ... ... ... ... ... ... ... ... ... ... ... ... ... ... ... <STOP><LF>... ... ... ... ... ... ... ... ... ... ... ... ... ... ... ... ... ... ... ... ..."
"Então, ... ... ... ... ... ... ... ... ... ... ... ... ... ... ... ... ","So, ... ... ... ... ... ... ... ... ... ... ... ... ... ... ... ... ","Así pues, ... ... ... ... ... ... ... ... ... ... ... ... ... ... ... ... "
"... ... ... ... ... ... ... ... ... ... ... ... ... ... ... ... ... ... ... ... ... ","... ... ... ... ... ... ... ... ... ... ... ... ... ... ... ... ... ... ... ... ... ","... ... ... ... ... ... ... ... ... ... ... ... ... ... ... ... ... ... ... ... ... "
"... ... ... ... ... ... ... ... ... ... ... ... ... ... ... ... ... ... ... ... ... ","... ... ... ... ... ... ... ... ... ... ... ... ... ... ... ... ... ... ... ... ... ","... ... ... ... ... ... ... ... ... ... ... ... ... ... ... ... ... ... ... ... ... "
"... ... ... ... ... ... ... ... ... ... ... ... ... ... ... ... ... ... ... ... ... ","... ... ... ... ... ... ... ... ... ... ... ... ... ... ... ... ... ... ... ... ... ","... ... ... ... ... ... ... ... ... ... ... ... ... ... ... ... ... ... ... ... ... "
"... ... ... ... ... ... ... ... ... ... ... ... ... ... ... ... ... ... ... ... ... ","... ... ... ... ... ... ... ... ... ... ... ... ... ... ... ... ... ... ... ... ... ","... ... ... ... ... ... ... ... ... ... ... ... ... ... ... ... ... ... ... ... ... "
"como pretexto para ... ... ... ... ... ... ... ... ... ... ... ... ... ... ... ","as a pretense for ... ... ... ... ... ... ... ... ... ... ... ... ... ... ... ","como excusa para ... ... ... ... ... ... ... ... ... ... ... ... ... ... ... "
"... ... ... ... ... ... ... ... ... ... ... ... ... ... ... ... ... ... ... ... ... ","... ... ... ... ... ... ... ... ... ... ... ... ... ... ... ... ... ... ... ... ... ","... ... ... ... ... ... ... ... ... ... ... ... ... ... ... ... ... ... ... ... ... "
"... ... ... ... ... ... ... ... ... ... ... ... ... ... ... ... ... ... ... ... ... ","... ... ... ... ... ... ... ... ... ... ... ... ... ... ... ... ... ... ... ... ... ","... ... ... ... ... ... ... ... ... ... ... ... ... ... ... ... ... ... ... ... ... "
"... ... ... ... ... ... ... ... ... ... ... ... ... ... ... ... ... ... ... ... ... <STOP><LF>... ... ... ... ... ... ... ... ... ... ... ... ... ... ... ... ... ... ... ... ...","... ... ... ... ... ... ... ... ... ... ... ... ... ... ... ... ... ... ... ... ... <STOP><LF>... ... ... ... ... ... ... ... ... ... ... ... ... ... ... ... ... ... ... ... ...","... ... ... ... ... ... ... ... ... ... ... ... ... ... ... ... ... ... ... ... ... <STOP><LF>... ... ... ... ... ... ... ... ... ... ... ... ... ... ... ... ... ... ... ... ..."
"... na verdade, ... ... ... ... ... ... ... ... ... ... ... ... ... ... ... ... ... <STOP><LF>... ... ... ... ... ... ... ... ... ... ... ... ... ... ... ... ... ... ... ... ...","... ... ... ... ... ... ... ... ... ... ... ... ... ... ... ... ... ... ... ... ... ","... ... ... ... ... ... ... ... ... ... ... ... ... ... ... ... ... ... ... ... ... "
"Na verdade, ... ... ... ... ... ... ... ... ... ... ... ... ... ... ... ... ... <STOP><LF>... ... ... ... ... ... ... ... ... ... ... ... ... ... ... ... ... ... ... ... ...","In fact, ... ... ... ... ... ... ... ... ... ... ... ... ... ... ... ... ... <STOP><LF>... ... ... ... ... ... ... ... ... ... ... ... ... ... ... ... ... ... ... ... ... ","De hecho, ... ... ... ... ... ... ... ... ... ... ... ... ... ... ... ... ... <STOP><LF>... ... ... ... ... ... ... ... ... ... ... ... ... ... ... ... ... ... ... ... ... "
"... ... ... ... ... ... ... ... ... ... ... ... ... ... ... ... ... ... ... ... ... <STOP><LF>... ... ... ... ... ... ... ... ... ... ... ... ... ... ... ... ... ... ... ... ...","... ... ... ... ... ... ... ... ... ... ... ... ... ... ... ... ... ... ... ... ... ","... ... ... ... ... ... ... ... ... ... ... ... ... ... ... ... ... ... ... ... ... "
"... ... ... ... ... ... ... ... ... ... ... ... ... ... ... ... ... ... ... ... ... <STOP><LF>... ... ... ... ... ... ... ... ... ... ... ... ... ... ... ... ... ... ... ... ...","... ... ... ... ... ... ... ... ... ... ... ... ... ... ... ... ... ... ... ... ... ","... ... ... ... ... ... ... ... ... ... ... ... ... ... ... ... ... ... ... ... ... "
"... ... ... ... ... ... ... ... ... ... ... ... ... ... ... ... ... ... ... ... ... <STOP><LF>... ... ... ... ... ... ... ... ... ... ... ... ... ... ... ... ... ... ... ... ...","... ... ... ... ... ... ... ... ... ... ... ... ... ... ... ... ... ... ... ... ... ","... ... ... ... ... ... ... ... ... ... ... ... ... ... ... ... ... ... ... ... ... "
"... ... ... ... ... ... ... ... ... ... ... ... ... ... ... ... ... ... ... ... ... ","... ... ... ... ... ... ... ... ... ... ... ... ... ... ... ... ... ... ... ... ... ","... ... ... ... ... ... ... ... ... ... ... ... ... ... ... ... ... ... ... ... ... "
"... ... ... ... ... ... ... ... ... ... ... ... ... ... ... ... ... ... ... ... ... ","... ... ... ... ... ... ... ... ... ... ... ... ... ... ... ... ... ... ... ... ... ","... ... ... ... ... ... ... ... ... ... ... ... ... ... ... ... ... ... ... ... ... "
"Além disso, ... ... ... ... ... ... ... ... ... ... ... ... ... ... ... ...","Furthermore, ... ... ... ... ... ... ... ... ... ... ... ... ... ... ... ... ","Además, ... ... ... ... ... ... ... ... ... ... ... ... ... ... ... ... "
"... ... ... ... ... ... ... ... ... ... ... ... ... ... ... ... ... ... ... ... ... ","... ... ... ... ... ... ... ... ... ... ... ... ... ... ... ... ... ... ... ... ... ","... ... ... ... ... ... ... ... ... ... ... ... ... ... ... ... ... ... ... ... ... "
"... ... ... ... ... ... ... ... ... ... ... ... ... ... ... ... ... ... ... ... ... ","... ... ... ... ... ... ... ... ... ... ... ... ... ... ... ... ... ... ... ... ... ","... ... ... ... ... ... ... ... ... ... ... ... ... ... ... ... ... ... ... ... ... "
"... ... ... ... ... ... ... ... ... ... ... ... ... ... ... ... ... ... ... ... ... <STOP><LF>... ... ... ... ... ... ... ... ... ... ... ... ... ... ... ... ... ... ... ... ... ","... ... ... ... ... ... ... ... ... ... ... ... ... ... ... ... ... ... ... ... ... <STOP><LF>... ... ... ... ... ... ... ... ... ... ... ... ... ... ... ... ... ... ... ... ...","... ... ... ... ... ... ... ... ... ... ... ... ... ... ... ... ... ... ... ... ... <STOP><LF>... ... ... ... ... ... ... ... ... ... ... ... ... ... ... ... ... ... ... ... ..."
"... ... ... ... ... ... ... ... ... ... ... ... ... ... ... ... ... ... ... ... ... <STOP><LF>... ... ... ... ... ... ... ... ... ... ... ... ... ... ... ... ... ... ... ... ...","... ... ... ... ... ... ... ... ... ... ... ... ... ... ... ... ... ... ... ... ... <STOP><LF>... ... ... ... ... ... ... ... ... ... ... ... ... ... ... ... ... ... ... ... ...","... ... ... ... ... ... ... ... ... ... ... ... ... ... ... ... ... ... ... ... ... <STOP><LF>... ... ... ... ... ... ... ... ... ... ... ... ... ... ... ... ... ... ... ... ..."
"... ... ... ... ... ... ... ... ... ... ... ... ... ... ... ... ... ... ... ... ... <STOP><LF>... ... ... ... ... ... ... ... ... ... ... ... ... ... ... ... ... ... ... ... ...","... ... ... ... ... ... ... ... ... ... ... ... ... ... ... ... ... ... ... ... ... <STOP><LF>... ... ... ... ... ... ... ... ... ... ... ... ... ... ... ... ... ... ... ... ...","... ... ... ... ... ... ... ... ... ... ... ... ... ... ... ... ... ... ... ... ... <STOP><LF>... ... ... ... ... ... ... ... ... ... ... ... ... ... ... ... ... ... ... ... ..."
"... ... ... ... ... ... ... ... ... ... ... ... ... ... ... ... ... ... ... ... ... <STOP><LF>... ... ... ... ... ... ... ... ... ... ... ... ... ... ... ... ... ... ... ... ...","... ... ... ... ... ... ... ... ... ... ... ... ... ... ... ... ... ... ... ... ... <STOP><LF>... ... ... ... ... ... ... ... ... ... ... ... ... ... ... ... ... ... ... ... ...","... ... ... ... ... ... ... ... ... ... ... ... ... ... ... ... ... ... ... ... ... <STOP><LF>... ... ... ... ... ... ... ... ... ... ... ... ... ... ... ... ... ... ... ... ..."
"... ... ... ... ... ... ... ... ... ... ... ... ... ... ... ... e esse foi o final da história.","... ... ... ... ... ... ... ... ... ... ... ... ... ... ... ... and that was the end of that.","... ... ... ... ... ... ... ... ... ... ... ... ... ... ... ... y así acabó aquello."
"Weiss: Mas que história fascinante.","Weiss: Such a fascinating tale.","Weiss: Una historia fascinante."
"<NIER>: Você está falando sério?","<NIER>: Are you being serious?","<NIER>: ¿Lo dices en serio?"
"Weiss: Claro que não.","Weiss: Of course not.","Weiss: Claro que no."
"Isso foi ... ... ... ... ... ... ... ... ... ... ... ... ... ... ... ... ","It was ... ... ... ... ... ... ... ... ... ... ... ... ... ... ... ... ","Fue ... ... ... ... ... ... ... ... ... ... ... ... ... ... ... ... "
"... ... ... ... ... ... ... ... ... ... ... ... ... ... ... ... ... ... ... ... ... <STOP><LF>... ... ... ... ... ... ... ... ... ... ... ... ... ... ... ... ... ... ... ... ...","... ... ... ... ... ... ... ... ... ... ... ... ... ... ... ... ... ... ... ... ... <STOP><LF>... ... ... ... ... ... ... ... ... ... ... ... ... ... ... ... ... ... ... ... ...","... ... ... ... ... ... ... ... ... ... ... ... ... ... ... ... ... ... ... ... ... <STOP><LF>... ... ... ... ... ... ... ... ... ... ... ... ... ... ... ... ... ... ... ... ..."
"... ... ... ... ... ... ... ... ... ... ... ... ... ... ... ... ... ... ... ... ... ","... ... ... ... ... ... ... ... ... ... ... ... ... ... ... ... ... ... ... ... ... ","... ... ... ... ... ... ... ... ... ... ... ... ... ... ... ... ... ... ... ... ... "
"... ... ... ... ... ... ... ... ... ... ... ... ... ... ... ... ... ... ... ... ... ","... ... ... ... ... ... ... ... ... ... ... ... ... ... ... ... ... ... ... ... ... ","... ... ... ... ... ... ... ... ... ... ... ... ... ... ... ... ... ... ... ... ... "
"No entanto, ... ... ... ... ... ... ... ... ... ... ... ... ... ... ... ... ... ","However, ... ... ... ... ... ... ... ... ... ... ... ... ... ... ... ... ... ","Sin embargo, ... ... ... ... ... ... ... ... ... ... ... ... ... ... ... ... ... "
"... ... ... ... ... ... ... ... ... ... ... ... ... ... ... ... ... ... ... ... ... ","... ... ... ... ... ... ... ... ... ... ... ... ... ... ... ... ... ... ... ... ... ","... ... ... ... ... ... ... ... ... ... ... ... ... ... ... ... ... ... ... ... ... "
"... ... ... ... ... ... ... ... ... ... ... ... ... ... ... ... ... ... ... ... ... ","... ... ... ... ... ... ... ... ... ... ... ... ... ... ... ... ... ... ... ... ... ","... ... ... ... ... ... ... ... ... ... ... ... ... ... ... ... ... ... ... ... ... "
"... ... ... ... ... ... ... ... ... ... ... ... ... ... ... ... ... ... ... ... ... ","... ... ... ... ... ... ... ... ... ... ... ... ... ... ... ... ... ... ... ... ... ","... ... ... ... ... ... ... ... ... ... ... ... ... ... ... ... ... ... ... ... ... "
"... ... ... ... ... ... ... ... ... ... ... ... ... ... ... ... ... ... ... ... ... ","... ... ... ... ... ... ... ... ... ... ... ... ... ... ... ... ... ... ... ... ... ","... ... ... ... ... ... ... ... ... ... ... ... ... ... ... ... ... ... ... ... ... "
"... ... ... ... ... ... ... ... ... ... ... ... ... ... ... ... ... ... ... ... ... ","... ... ... ... ... ... ... ... ... ... ... ... ... ... ... ... ... ... ... ... ... ","... ... ... ... ... ... ... ... ... ... ... ... ... ... ... ... ... ... ... ... ... "
"Enquanto isso, minha esposa estava...","Meanwhile, my wife was ... ... ... ... ... ... ... ... ... ... ... ...","Mientras tanto, mi esposa ... ... ... ... ... ... ... ... ... ... ... ..."
"... ... ... ... ... ... ... ... ... ... ... ... ... ... ... ... ... ... ... ... ... ","... ... ... ... ... ... ... ... ... ... ... ... ... ... ... ... ... ... ... ... ... ","... ... ... ... ... ... ... ... ... ... ... ... ... ... ... ... ... ... ... ... ... "
"... ... ... ... ... ... ... ... ... ... ... ... ... ... ... ... ... ... ... ... ... ","... ... ... ... ... ... ... ... ... ... ... ... ... ... ... ... ... ... ... ... ... ","... ... ... ... ... ... ... ... ... ... ... ... ... ... ... ... ... ... ... ... ... "
"... ... ... ... ... ... ... ... ... ... ... ... ... ... ... ... ... ... ... ... ... ","... ... ... ... ... ... ... ... ... ... ... ... ... ... ... ... ... ... ... ... ... ","... ... ... ... ... ... ... ... ... ... ... ... ... ... ... ... ... ... ... ... ... "
"... ... ... ... ... ... ... ... ... ... ... ... ... ... ... ... ... ... ... ... ... ","... ... ... ... ... ... ... ... ... ... ... ... ... ... ... ... ... ... ... ... ... ","... ... ... ... ... ... ... ... ... ... ... ... ... ... ... ... ... ... ... ... ... "
"E o corpo desmembrado tinha...","And the dismembered corpse had ... ... ... ... ... ... ... ... ...","Y el cadáver desmembrado presentaba ... ... ... ... ... ... ... ... ... ... ... ... ... ... ... ... ... "
"... ... ... ... ... ... ... ... ... ... ... ... ... ... ... ... ... ... ... ... ... ","... ... ... ... ... ... ... ... ... ... ... ... ... ... ... ... ... ... ... ... ... ","... ... ... ... ... ... ... ... ... ... ... ... ... ... ... ... ... ... ... ... ... "
"... ... ... ... ... ... ... ... ... ... ... ... ... ... ... ... ... ... ... ... ... <STOP><LF>... ... ... ... ... ... ... ... ... ... ... ... ... ... ... ... ... ... ... ... ...","... ... ... ... ... ... ... ... ... ... ... ... ... ... ... ... ... ... ... ... ... <STOP><LF>... ... ... ... ... ... ... ... ... ... ... ... ... ... ... ... ... ... ... ... ...","... ... ... ... ... ... ... ... ... ... ... ... ... ... ... ... ... ... ... ... ... <STOP><LF>... ... ... ... ... ... ... ... ... ... ... ... ... ... ... ... ... ... ... ... ..."
"... ... ... ... ... ... ... ... ... ... ... ... ... ... ... ... ... ... ... ... ... <STOP><LF>... ... ... ... ... ... ... ... ... ... ... ... ... ... ... ... ... ... ... ... ...","... ... ... ... ... ... ... ... ... ... ... ... ... ... ... ... ... ... ... ... ... <STOP><LF>... ... ... ... ... ... ... ... ... ... ... ... ... ... ... ... ... ... ... ... ...","... ... ... ... ... ... ... ... ... ... ... ... ... ... ... ... ... ... ... ... ... <STOP><LF>... ... ... ... ... ... ... ... ... ... ... ... ... ... ... ... ... ... ... ... ..."
"... ... ... ... ... ... ... ... ... ... ... ... ... ... ... ... ... ... ... ... ... ","... ... ... ... ... ... ... ... ... ... ... ... ... ... ... ... ... ... ... ... ... ","... ... ... ... ... ... ... ... ... ... ... ... ... ... ... ... ... ... ... ... ... "
"... ... ... ... ... ... ... ... ... ... ... ... ... ... ... ... ... ... ... ... ... ","... ... ... ... ... ... ... ... ... ... ... ... ... ... ... ... ... ... ... ... ... ","... ... ... ... ... ... ... ... ... ... ... ... ... ... ... ... ... ... ... ... ... "
"... ... ... ... ... ... ... ... ... ... ... ... ... ... ... ... ... ... ... ... ... ","... ... ... ... ... ... ... ... ... ... ... ... ... ... ... ... ... ... ... ... ... ","... ... ... ... ... ... ... ... ... ... ... ... ... ... ... ... ... ... ... ... ... "
"... ... ... ... ... ... ... ... ... ... ... ... ... ... ... ... ... ... ... ... ... ","... ... ... ... ... ... ... ... ... ... ... ... ... ... ... ... ... ... ... ... ... ","... ... ... ... ... ... ... ... ... ... ... ... ... ... ... ... ... ... ... ... ... "
"... ... ... ... ... ... ... ... ... ... ... ... ... ... ... ... ... ... ... ... ...<PAGE>","... ... ... ... ... ... ... ... ... ... ... ... ... ... ... ... ... ... ... ... ...<PAGE>","... ... ... ... ... ... ... ... ... ... ... ... ... ... ... ... ... ... ... ... ...<PAGE>"
"O verdadeiro culpado era ... ... ... ... ... ... ... ... ... ...<STOP><LF>... ... ... ... ... ... ... ... ... ... ... ... ... ... ... ... ... ... ... ... ... ","The real culprit was ... ... ... ... ... ... ... ... ... ...<STOP><LF>... ... ... ... ... ... ... ... ... ... ... ... ... ... ... ... ... ... ... ... ... ","El verdadero culpable fue ... ... ... ... ... ... ... ... ... ...<STOP><LF>... ... ... ... ... ... ... ... ... ... ... ... ... ... ... ... ... ... ... ... ..."
"... ... ... ... ... ... ... ... ... ... ... ... ... ... ... ... ... ... ... ... ... <STOP><LF>... ... ... ... ... ... ... ... ... ... ... ... ... ... ... ... ... ... ... ...","... ... ... ... ... ... ... ... ... ... ... ... ... ... ... ... ... ... ... ... ... <STOP><LF>... ... ... ... ... ... ... ... ... ... ... ... ... ... ... ... ... ... ... ... ...","... ... ... ... ... ... ... ... ... ... ... ... ... ... ... ... ... ... ... ... ... <STOP><LF>... ... ... ... ... ... ... ... ... ... ... ... ... ... ... ... ... ... ... ... ..."
"... ... ... ... ... ... ... ... ... ... ... ... ... ... ... ... ... ... ... ... ... ","... ... ... ... ... ... ... ... ... ... ... ... ... ... ... ... ... ... ... ... ... ","... ... ... ... ... ... ... ... ... ... ... ... ... ... ... ... ... ... ... ... ... "
"... ... ... ... ... ... ... ... ... ... ... ... ... ... ... ... ... ... ... ... ... ","... ... ... ... ... ... ... ... ... ... ... ... ... ... ... ... ... ... ... ... ... ","... ... ... ... ... ... ... ... ... ... ... ... ... ... ... ... ... ... ... ... ... "
"... ... ... ... ... ... ... ... ... ... ... ... ... ... ... ... ... ... ... ... ... ","... ... ... ... ... ... ... ... ... ... ... ... ... ... ... ... ... ... ... ... ... ","... ... ... ... ... ... ... ... ... ... ... ... ... ... ... ... ... ... ... ... ... "
"... ... ... ... ... ... ... ... ... ... ... ... ... ... ... ... ... ... ... ... ... <STOP><LF>... ... ... ... ... ... ... ... ... ... ... ... ... ... ... ... ... ... ... ... ...","... ... ... ... ... ... ... ... ... ... ... ... ... ... ... ... ... ... ... ... ... <STOP><LF>... ... ... ... ... ... ... ... ... ... ... ... ... ... ... ... ... ... ... ... ...","... ... ... ... ... ... ... ... ... ... ... ... ... ... ... ... ... ... ... ... ... <STOP><LF>... ... ... ... ... ... ... ... ... ... ... ... ... ... ... ... ... ... ... ... ..."
"... ... ... ... ... ... ... ... ... ... ... ... ... ... ... ... ... ... ... ... ... <STOP><LF>... ... ... ... ... ... ... ... ... ... ... ... ... ... ... ... ... ... ... ... ...","... ... ... ... ... ... ... ... ... ... ... ... ... ... ... ... ... ... ... ... ... <STOP><LF>... ... ... ... ... ... ... ... ... ... ... ... ... ... ... ... ... ... ... ... ...","... ... ... ... ... ... ... ... ... ... ... ... ... ... ... ... ... ... ... ... ... <STOP><LF>... ... ... ... ... ... ... ... ... ... ... ... ... ... ... ... ... ... ... ... ..."
"... ... ... ... ... ... ... ... ... ... ... ... ... ... ... ... ... ... ... ... ... <STOP><LF>... ... ... ... ... ... ... ... ... ... ... ... ... ... ... ... ... ... ... ... ...","... ... ... ... ... ... ... ... ... ... ... ... ... ... ... ... ... ... ... ... ... <STOP><LF>... ... ... ... ... ... ... ... ... ... ... ... ... ... ... ... ... ... ... ... ...","... ... ... ... ... ... ... ... ... ... ... ... ... ... ... ... ... ... ... ... ... <STOP><LF>... ... ... ... ... ... ... ... ... ... ... ... ... ... ... ... ... ... ... ... ..."
"... ... ... ... ... ... ... ... ... ... ... ... ... ... ... ... ... ... ... ... ... <STOP><LF>... ... ... ... ... ... ... ... ... ... ... ... ... ... ... ... ... ... ... ... ...","... ... ... ... ... ... ... ... ... ... ... ... ... ... ... ... ... ... ... ... ... <STOP><LF>... ... ... ... ... ... ... ... ... ... ... ... ... ... ... ... ... ... ... ... ...","... ... ... ... ... ... ... ... ... ... ... ... ... ... ... ... ... ... ... ... ... <STOP><LF>... ... ... ... ... ... ... ... ... ... ... ... ... ... ... ... ... ... ... ... ..."
"... ... ... ... ... ... ... ... ... ... ... ... ... ... ... ... ... ... ... ... ... <STOP><LF>... ... ... ... ... ... ... ... ... ... ... ... ... ... ... ... ... ... ... ... ...","... ... ... ... ... ... ... ... ... ... ... ... ... ... ... ... ... ... ... ... ... <STOP><LF>... ... ... ... ... ... ... ... ... ... ... ... ... ... ... ... ... ... ... ... ...","... ... ... ... ... ... ... ... ... ... ... ... ... ... ... ... ... ... ... ... ... <STOP><LF>... ... ... ... ... ... ... ... ... ... ... ... ... ... ... ... ... ... ... ... ..."
"... ... ... ... ... ... ... ... ... ... ... ... ... ... ... ... ... ... ... ... ...","... ... ... ... ... ... ... ... ... ... ... ... ... ... ... ... ... ... ... ... ... ","... ... ... ... ... ... ... ... ... ... ... ... ... ... ... ... ... ... ... ... ... "
".....................! Acredita nisso?!",".....................! Can you believe it!?","¡.....................! ¡¿Te lo puedes creer?!"
"<NIER>: Esta história é bem interessante. Como será que vai terminar?","<NIER>: This is quite the story. I wonder how it's gonna end?","<NIER>: Menuda historia. ¿Cómo terminará?"
"Weiss: Estou impressionado! Muito dessa história havia sido escondida de nós, mas você parece compreender.","Weiss: I am impressed! Much of this story had been hidden from us, yet you seem to grasp it.","Weiss: ¡Me quedo de piedra! Aunque se nos ha ocultado gran parte de la historia, veo que le pillas el hilo."
"<NIER>: Sim, mas ainda não sei como vai terminar.","<NIER>: Yeah, but I still don't know how it's going to end.","<NIER>: Sí, pero sigo sin saber cómo acabará."
"Naquele mesmo dia,... ... ... ... ... ... ... ... ... ... ... ... ... ...","On that very day, ... ... ... ... ... ... ... ... ... ... ... ... ... ...","Aquel mismo día, ... ... ... ... ... ... ... ... ... ... ... ... ... ..."
"... ... ... ... ... ... ... ... ... ... ... ... ... ... ... ... ... ... ... ... ...","... ... ... ... ... ... ... ... ... ... ... ... ... ... ... ... ... ... ... ... ... ","... ... ... ... ... ... ... ... ... ... ... ... ... ... ... ... ... ... ... ... ... "
"... ... ... ... ... ... ... ... ... ... ... ... ... ... ... ... ... ... ... ... ... ","... ... ... ... ... ... ... ... ... ... ... ... ... ... ... ... ... ... ... ... ... ","... ... ... ... ... ... ... ... ... ... ... ... ... ... ... ... ... ... ... ... ... "
"... ... ... ... ... ... ... ... ... ... ... ... ... ... ... ... ... ... ... ... ... ","... ... ... ... ... ... ... ... ... ... ... ... ... ... ... ... ... ... ... ... ... ","... ... ... ... ... ... ... ... ... ... ... ... ... ... ... ... ... ... ... ... ... "
"... ... ... ... ... ... ... ... ... ... ... ... ... ... ... ... ... ... ... ... ... ","... ... ... ... ... ... ... ... ... ... ... ... ... ... ... ... ... ... ... ... ... ","... ... ... ... ... ... ... ... ... ... ... ... ... ... ... ... ... ... ... ... ... "
"... ... ... ... ... ... ... ... ... ... ... ... ... ... ... ... ... ... ... ... ... ","... ... ... ... ... ... ... ... ... ... ... ... ... ... ... ... ... ... ... ... ... ","... ... ... ... ... ... ... ... ... ... ... ... ... ... ... ... ... ... ... ... ... "
"... ... ... ... ... ... ... ... ... ... ... ... ... ... ... ... ... ... ... ... ... ","... ... ... ... ... ... ... ... ... ... ... ... ... ... ... ... ... ... ... ... ... ","... ... ... ... ... ... ... ... ... ... ... ... ... ... ... ... ... ... ... ... ... "
"... ... ... ... ... ... ... ... ... ... ... ... ... ... ... ... ... ... ... ... ... ","... ... ... ... ... ... ... ... ... ... ... ... ... ... ... ... ... ... ... ... ... ","... ... ... ... ... ... ... ... ... ... ... ... ... ... ... ... ... ... ... ... ... "
"... ... ... ... ... ... ... ... ... ... ... ... ... ... ... ... ... ... ... ... ... <STOP><LF>... ... ... ... ... ... ... ... ... ... ... ... ... ... ... ... ... ... ... ... ...","... ... ... ... ... ... ... ... ... ... ... ... ... ... ... ... ... ... ... ... ... <STOP><LF>... ... ... ... ... ... ... ... ... ... ... ... ... ... ... ... ... ... ... ... ...","... ... ... ... ... ... ... ... ... ... ... ... ... ... ... ... ... ... ... ... ... <STOP><LF>... ... ... ... ... ... ... ... ... ... ... ... ... ... ... ... ... ... ... ... ..."
"... ... ... ... ... ... ... ... ... ... ... ... ... ... ... ... ... ... ... ... ... <STOP><LF>... ... ... ... ... ... ... ... ... ... ... ... ... ... ... ... ... ... ... ...","... ... ... ... ... ... ... ... ... ... ... ... ... ... ... ... ... ... ... ... ... <STOP><LF>... ... ... ... ... ... ... ... ... ... ... ... ... ... ... ... ... ... ... ... ...","... ... ... ... ... ... ... ... ... ... ... ... ... ... ... ... ... ... ... ... ... <STOP><LF>... ... ... ... ... ... ... ... ... ... ... ... ... ... ... ... ... ... ... ... ..."
"... ... ... ... ... ... ... ... ... ... ... ... ... ... ... ... ... ... ... ... ... <STOP><LF>... ... ... ... ... ... ... ... ... ... ... ... ... ... ... ... ... ... ... ...","... ... ... ... ... ... ... ... ... ... ... ... ... ... ... ... ... ... ... ... ... <STOP><LF>... ... ... ... ... ... ... ... ... ... ... ... ... ... ... ... ... ... ... ... ...","... ... ... ... ... ... ... ... ... ... ... ... ... ... ... ... ... ... ... ... ... <STOP><LF>... ... ... ... ... ... ... ... ... ... ... ... ... ... ... ... ... ... ... ... ..."
"... ... ... ... ... ... ... ... ... ... ... ... ... ... ... ... ... ... ... ... ... <STOP><LF>... ... ... ... ... ... ... ... ... ... ... ... ... ... ... ... ... ... ... ...","... ... ... ... ... ... ... ... ... ... ... ... ... ... ... ... ... ... ... ... ... <STOP><LF>... ... ... ... ... ... ... ... ... ... ... ... ... ... ... ... ... ... ... ... ...","... ... ... ... ... ... ... ... ... ... ... ... ... ... ... ... ... ... ... ... ... <STOP><LF>... ... ... ... ... ... ... ... ... ... ... ... ... ... ... ... ... ... ... ... ..."
"... ... ... ... ... ... ... ... ... ... ... ... ... ... ... ... ... ... ... ... ... <STOP><LF>... ... ... ... ... ... ... ... ... ... ... ... ... ... ... ... ... ... ... ...","... ... ... ... ... ... ... ... ... ... ... ... ... ... ... ... ... ... ... ... ... ","... ... ... ... ... ... ... ... ... ... ... ... ... ... ... ... ... ... ... ... ... "
"... ... ... ... ... ... ... ... ... ... ... ... ... ... ... ... ... ... ... ... ... <STOP><LF>... ... ... ... ... ... ... ... ... ... ... ... ... ... ... ... ... ... ... ...","... ... ... ... ... ... ... ... ... ... ... ... ... ... ... ... ... ... ... ... ... ","... ... ... ... ... ... ... ... ... ... ... ... ... ... ... ... ... ... ... ... ... "
"... ... ... ... ... ... ... ... ... ... ... ... ... ... ... ... ... ... ... ... ... ","... ... ... ... ... ... ... ... ... ... ... ... ... ... ... ... ... ... ... ... ... ","... ... ... ... ... ... ... ... ... ... ... ... ... ... ... ... ... ... ... ... ... "
"... ... ... ... ... ... ... ... ... ... ... ... ... ... ... ... ... ... ... ... ... ","... ... ... ... ... ... ... ... ... ... ... ... ... ... ... ... ... ... ... ... ... ","... ... ... ... ... ... ... ... ... ... ... ... ... ... ... ... ... ... ... ... ... "
"... ... ... ... ... ... ... ... ... ... ... ... ... ... ... ... ... ... ... ... ... ","... ... ... ... ... ... ... ... ... ... ... ... ... ... ... ... ... ... ... ... ... ","... ... ... ... ... ... ... ... ... ... ... ... ... ... ... ... ... ... ... ... ... "
"... ... ... ... ... ... ... ... ... ... ... ... ... ... ... ... ... ... ... ... ... ","... ... ... ... ... ... ... ... ... ... ... ... ... ... ... ... ... ... ... ... ... ","... ... ... ... ... ... ... ... ... ... ... ... ... ... ... ... ... ... ... ... ... "
"... ... ... ... ... ... ... ... ... ... ... ... ... ... ... ... ... ... ... ... ... ","... ... ... ... ... ... ... ... ... ... ... ... ... ... ... ... ... ... ... ... ... ","... ... ... ... ... ... ... ... ... ... ... ... ... ... ... ... ... ... ... ... ... "
"... ... ... ... ... ... ... ... ... ... ... ... ... ... ... ... ... ... ... ... ... ","... ... ... ... ... ... ... ... ... ... ... ... ... ... ... ... ... ... ... ... ... ","... ... ... ... ... ... ... ... ... ... ... ... ... ... ... ... ... ... ... ... ... "
"... ... ... ... ... ... ... ... ... ... ... ... ... ... ... ... ... ... ... ... ... ","... ... ... ... ... ... ... ... ... ... ... ... ... ... ... ... ... ... ... ... ... <STOP><LF>... ... ... ... ... ... ... ... ... ... ... ... ... ... ... ... ... ... ... ... ...","... ... ... ... ... ... ... ... ... ... ... ... ... ... ... ... ... ... ... ... ... <STOP><LF>... ... ... ... ... ... ... ... ... ... ... ... ... ... ... ... ... ... ... ... ..."
"... ... ... ... ... ... ... ... ... ... ... ... ... ... ... ... ... ... ... ... <STOP><LF>... ... ... ... ... ... ... ... ... ... ... ... ... ... ... ... ... ... ... ... ...","... ... ... ... ... ... ... ... ... ... ... ... ... ... ... ... ... ... ... ... ... <STOP><LF>... ... ... ... ... ... ... ... ... ... ... ... ... ... ... ... ... ... ... ... ...","... ... ... ... ... ... ... ... ... ... ... ... ... ... ... ... ... ... ... ... ... <STOP><LF>... ... ... ... ... ... ... ... ... ... ... ... ... ... ... ... ... ... ... ... ..."
"... ... ... ... ... ... ... ... ... ... ... ... ... ... ... ... ... ... ... ... ...","... ... ... ... ... ... ... ... ... ... ... ... ... ... ... ... ... ... ... ... ... ","... ... ... ... ... ... ... ... ... ... ... ... ... ... ... ... ... ... ... ... ... "
"... ... ... ... ... ... ... ... ... ... ... ... ... ... ... ... ... ... ... ... ...","... ... ... ... ... ... ... ... ... ... ... ... ... ... ... ... ... ... ... ... ... ","... ... ... ... ... ... ... ... ... ... ... ... ... ... ... ... ... ... ... ... ... "
"... ... ... ... ... ... ... ... ... ... ... ... ... ... ... ... ... ... ... ... ...","... ... ... ... ... ... ... ... ... ... ... ... ... ... ... ... ... ... ... ... ... ","... ... ... ... ... ... ... ... ... ... ... ... ... ... ... ... ... ... ... ... ... "
"... ... ... ... ... ... ... ... ... ... ... ... ... ... ... ... ... ... ... ... ...","... ... ... ... ... ... ... ... ... ... ... ... ... ... ... ... ... ... ... ... ... ","... ... ... ... ... ... ... ... ... ... ... ... ... ... ... ... ... ... ... ... ... "
"... ... ... ... ... ... ... ... ... ... ... ... ... ... ... ... ... ... ... ... ...","... ... ... ... ... ... ... ... ... ... ... ... ... ... ... ... ... ... ... ... ... ","... ... ... ... ... ... ... ... ... ... ... ... ... ... ... ... ... ... ... ... ... "
"... ... ... ... ... ... ... ... ... ... ... ... ... ... ... ... ... ... ... ... ...","... ... ... ... ... ... ... ... ... ... ... ... ... ... ... ... ... ... ... ... ... ","... ... ... ... ... ... ... ... ... ... ... ... ... ... ... ... ... ... ... ... ... "
"... ... ... ... ... ... ... ... ... ... ... ... ... ... ... ... ... ... ... ... ... ","... ... ... ... ... ... ... ... ... ... ... ... ... ... ... ... ... ... ... ... ... ","... ... ... ... ... ... ... ... ... ... ... ... ... ... ... ... ... ... ... ... ... "
"... ... ... ... ... ... ... ... ... ... ... ... ... ... ... ... ... ... ... ... ... ","... ... ... ... ... ... ... ... ... ... ... ... ... ... ... ... ... ... ... ... ... ","... ... ... ... ... ... ... ... ... ... ... ... ... ... ... ... ... ... ... ... ... "
"... ... ... ... ... ... ... ... ... ... ... ... ... ... ... ... ... ... ... ... ... <STOP><LF>... ... ... ... ... ... ... ... ... ... ... ... ... ... ... ... ... ... ... ... ...","... ... ... ... ... ... ... ... ... ... ... ... ... ... ... ... ... ... ... ... ... <STOP><LF>... ... ... ... ... ... ... ... ... ... ... ... ... ... ... ... ... ... ... ... ...","... ... ... ... ... ... ... ... ... ... ... ... ... ... ... ... ... ... ... ... ... <STOP><LF>... ... ... ... ... ... ... ... ... ... ... ... ... ... ... ... ... ... ... ... ..."
"... ... ... ... ... ... ... ... ... ... ... ... ... ... ... ... ... ... ... ... ... <STOP><LF>... ... ... ... ... ... ... ... ... ... ... ... ... ... ... ... ... ... ... ... ...","... ... ... ... ... ... ... ... ... ... ... ... ... ... ... ... ... ... ... ... ... <STOP><LF>... ... ... ... ... ... ... ... ... ... ... ... ... ... ... ... ... ... ... ... ...","... ... ... ... ... ... ... ... ... ... ... ... ... ... ... ... ... ... ... ... ... <STOP><LF>... ... ... ... ... ... ... ... ... ... ... ... ... ... ... ... ... ... ... ... ..."
"... ... ... ... ... ... ... ... ... ... ... ... ... ... ... ... ... ... ... ... ... <STOP><LF>... ... ... ... ... ... ... ... ... ... ... ... ... ... ... ... ... ... ... ... ...","... ... ... ... ... ... ... ... ... ... ... ... ... ... ... ... ... ... ... ... ... <STOP><LF>... ... ... ... ... ... ... ... ... ... ... ... ... ... ... ... ... ... ... ... ...","... ... ... ... ... ... ... ... ... ... ... ... ... ... ... ... ... ... ... ... ... "
"... ... ... ... ... ... ... ... ... ... ... para sempre.","... ... ... ... ... ... ... ... ... ... ... ever after.","... ... ... ... ... ... ... ... ... ... ... para siempre."
"<NIER>: ... ...","<NIER>: ... ...","<NIER>: ... ..."
"Weiss: ... ...","Weiss: ... ... ","Weiss: ... ... "
"<NIER>: Bem, uh... Pelo menos eles foram cuidadosos?","<NIER>: Well, uh... At least they were thorough?","<NIER>: Bueno, eh... ¿Al menos fueron meticulosos?"
"Weiss: Certo.","Weiss: Quite.","Weiss: Bastante."
"Parece que tem algo te preocupando.","You look like something's on your mind.","Creo que estás tramando algo."
"Bem, há uma semana, tive uma ideia repentina de que grana DE VERDADE está no ramo das adivinhações! Então estou tentando montar uma loja.","Well, a week ago, I had a sudden brainstorm that the REAL money is in the fortune-telling business! So I'm trying to set up shop.","¡Resulta que, hace una semana, se me ocurrió que un negocio de adivinación podría ser una mina! Así que voy a intentar abrir el mío."
"Adivinhações?","Fortune-telling?","¿De adivinación?"
"Exatamente! E assim que eu conseguir minha pedra de contemplação especial, as pessoas virão de milhas ao redor! Mas...","You know it! And once I get my special gazing stone, people will be flocking in from miles around! But...","¡Exacto! ¡Y en cuanto me haga con mi piedra de adivinación especial, vendrá gente de todos los rincones a consultarme! Pero..."
"...Mas o quê?","...But what?","Pero ¿qué?"
"A pedra deveria ser entregue, mas ainda não chegou. Sem pedra não há clientes. E sem clientes significa que eu vou comer terra hoje à noite! ...DE NOVO.","The stone was supposed to be delivered, but it hasn't come. No stone means no customers. And no customers means I'm eating dirt tonight! ...AGAIN.","Ya tendrían que habérmela traído, pero no ha llegado aún. Y sin ella, no tendré clientes. ¡Y sin clientes, no comeré caliente esta noche! Para no variar..."
"Você não pode apenas conseguir outra pedra?","Can't you just get another stone?","¿Y no puedes conseguir otra piedra?"
"Bem, eles são bem raros. Eu acho que a Popola sabe algo sobre eles, mas ela e eu não somos tão próximas, então não quero incomodá-la.","Well, they're pretty rare. I think Popola knows something about them, but she and I aren't really that close, so I don't want to bug her.","No son nada comunes. Creo que Popola sabe algo de ellas, pero no tenemos mucha confianza y no la quiero molestar."
"Nós somos amigos—vou perguntar a ela.","We're friends—I'll ask her.","Es amiga mía. Yo le pregunto si quieres."
"Ah, você poderia? Isso seria ótimo!","Oh, would you? That'd be great!","¿De verdad? ¡Sería genial!"
"Espero que você possa me ajudar com minha pedra!","I hope you can help me with my stone!","¡A ver si me puedes ayudar con lo de la piedra!"
"E então? Você encontrou minha pedra?","Well? Did you find my stone?","¿Y bien? ¿Has encontrado ya mi piedra?"
"Isso funciona para você?","This work for you?","¿Esta te parece bien?"
"É isso! Oh, obrigada!","That's it! Oh, thank you!","¡Y tanto! ¡Muchísimas gracias!"
"Ah, já que você está aqui...","Oh, and while you're here...","Ah, y ya que estás por aquí..."
"Que tal uma leitura grátis? Vamos lá, é o mínimo que posso fazer!","How about a free reading? Come on, it's the least I can do!","¿Qué tal si te leo el futuro gratis? ¡Qué menos que eso!"
"Vamos ver o que o Olho tem para revelar.","Let's see what the Eye has to reveal.","Veamos que nos dice el Ojo."
,,
"Que tal uma leitura grátis? Vamos lá, é o mínimo que posso fazer!","How about a free reading? Come on, it's the least I can do!","¿Qué tal si te leo el futuro gratis? ¡Qué menos que eso!"
"Vamos ver o que o Olho tem para revelar.","Let's see what the Eye has to reveal.","Veamos que nos dice el Ojo."
,,
"Aaah!","Aaah!","¡Aaah!"
"......","......","......"
"O que foi <FONT=ITALIC>aquilo?</FONT>","What was <FONT=ITALIC>that?</FONT>","¿Qué ha sido <FONT=ITALIC>eso</FONT>?"
"Não saberia dizer—mas duvido que tenha sido um mero devaneio se todos nós experimentamos assim.","I cannot say—but I doubt it was a mere daydream if all of us experienced it as one.","No sabría decirte, pero dudo que haya sido solo un sueño si lo hemos sentido todos."
"Acho que já vi isso antes...","I think I've seen that before...","Creo que ya había visto algo así antes..."
"Uau! Eu não sei o que aconteceu, mas vocês parecem bem abalados.","Wow! I don't know what happened, but you guys look pretty shaken up.","¡Vaya! No sé qué habrá ocurrido, pero os veo muy sobresaltados."
"Sim...","Yeah...","Ya..."
"Há um significado profundo e interno por trás dessa revelação, mas realmente não sei o que é. ... Acho que preciso praticar mais.","There's a deep, inner meaning behind this fortune, but I'm not really sure what it is. ...I guess I need more practice.","Hay un profundo significado en este futuro, pero no soy capaz de saber de qué se trata. Necesito más práctica..."
"De qualquer forma, obrigado novamente pela ajuda. Visite-nos a qualquer hora!","Anyway, thanks again for the help. Stop by anytime!","Bueno, gracias de nuevo por la ayuda prestada. ¡Pásate cuando quieras!"
"Dessa vez vou passar.","I think I'll pass for now.","De momento, me abstendré."
"Espera, o quê!? Um homem com um colar de ouro!?","Wait, what!? A man with a gold necklace!?","¡¿Cómo dices?! ¡¿Un hombre con un collar dorado?!"
"Você o conhece?","You know him?","¿Lo conoces?"
"Pode apostar! Maldito desgraçado que fugiu com minha esposa!","You bet I do! Goddamn bastard ran off with my wife!","¡Vaya que sí! ¡Ese maldito canalla se fugó con mi esposa!"
"Espere um minuto. Pensei que ele tivesse uma namorada.","Wait a minute. I thought he had a girlfriend.","Un momento. Yo creía que tenía novia."
"Se você o encontrar, traz ele de volta aqui para que eu possa matá-lo!","If you find him, bring him back here so I can murder the bastard!","¡Si das con ese desgraciado, tráemelo! ¡Lo pienso despellejar!"
"Ah, claro, vou considerar isso. Escute, você sabe onde ele foi?","Uh, sure, I'll consider that. Listen, do you know where he went?","Eh, claro, lo tendré en cuenta. Oye, ¿sabes por dónde se fue?"
"Da última vez que ouvi falar, alguém o viu em Beira-Mar. Aquele arrombado. Nem consigo olhar para minha esposa mais...","Last I heard, someone saw him in Seafront.<LF>Goddamn bastard. I can't even bear to look at my wife anymore...","Tengo noticias de que fue visto en Ciudad Costera.<LF>Maldito desgraciado... ¡Ya no seré capaz ni de mirar a mi mujer a la cara!"
"Acho que é hora de voltarmos para Beira-Mar.","Guess it's back to Seafront for us.","Me temo que hay que volver allí."
"Só de pensar nisso me deixa maluco o suficiente para MATAR! <LF> ... Claro que não você. Mas talvez alguém! <LF>","Just thinking about it makes me mad enough to KILL!<LF>...Not you, of course. But maybe somebody!<LF>","¡Es que lo pienso y se me desatan los instintos asesinos!<LF>¡No va por ti, claro, pero ya verás!<LF>"
"Ah, sim. Aquele cara veio para a cidade vendendo uma porção de mercadorias falsificadas. Não sei como ele encontrou compradores para aquela porcaria, mas aparentemente ele encontrou.","Oh, yeah. That guy came into town selling a bunch of counterfeit merchandise. Don't know how he found buyers for that junk, but apparently he did.","Ah, sí. Llegó a la ciudad vendiendo un montón de productos de imitación. No sé cómo logró que alguien le comprara esas porquerías, pero parece que así fue."
"Sim, vi uma criança há um tempo.","Yes, I saw a child a while back.","Sí, vi a un chico hace un rato."
"Acho que ela estava brincando perto da Árvore Divina.","I think he was playing over by the Divine Tree.","Estaba jugueteando cerca del Árbol Divino."
"Uma maldição na floresta? Oh, convenhamos. Você sabe que não existem tais coisas.","A forest curse? Oh, come now. You know there's no such thing.","¿Una maldición del bosque? Venga ya. Sabes que esas cosas no existen."
"... Embora, se isso é o que aconteceu, eu suponho que ""maldição"" possa ser uma coisa adequada para chamar.","...Though if that's what happened, I suppose ""curse"" might be an appropriate thing to call it.","Aunque si eso fue lo que pasó, ""maldición"" me parece una palabra adecuada para designarlo."
"Tudo parece normal aqui.","Everything seems normal here.","No parece haber nada raro por aquí."
"Parece que chegamos a um beco sem saída.","We appear to have hit a dead end.","Esto es un callejón sin salida."
"Diga, o que é aquilo no chão?","Say, what is that on the ground?","Oye, ¿qué es eso que está en el suelo?"
"Apenas algumas frutas engraçadas.","Just some funny-looking berries.","Son unas bayas de aspecto extraño."
"Ah. Venenosas, eu apostaria.","Ah. Poisonous ones, I'd wager.","Ah. Venenosas, seguro."
"Bem, com certeza não vou comê-los e descobrir.","Well, I'm sure not gonna eat 'em and find out.","Pues yo no voy a probarlas para salir de la duda."
"Vocês já resolveram o mistério?","You guys solve the mystery yet?","¿Ya habéis resuelto el misterio?"
"Não. Não temos nada.","No. We got nothing.","No. No tenemos nada."
"Que pena. Ei, o que é isso com as bagas?","Too bad. Hey, what's with those berries?","Una pena. Oye, ¿y esas bayas?"
"O quê, essas? Nós pegamos perto daquela árvore enorme. Eu pensei que talvez -","What, these? We picked them up over by that huge tree. I thought maybe—","¿Cuáles, estas? Las hemos cogido junto a aquel enorme árbol. Puede que..."
"Me dê. Estou morrendo de fome.","Gimme. I'm starving.","Dámelas. Me muero de hambre."
"Você está louco?! Essas frutas são claramente venenosas! Nem mesmo alguém como você pode esperar -","Are you mad?! Those berries are clearly poisonous! Even one such as you can't hope to—","¡Anda ya! ¡Es obvio que son venenosas! Ni siquiera alguien como tú podría..."
"Maldição, essas são deliciosas! Me dê mais!","Damn, these are delicious! Gimme more!","¡Vaya, están de vicio! ¡Dame más!"
"Bem, nesse caso, eu acho que devo experimentar uma...","Well in that case, I suppose I should try one...","Bueno, visto lo visto, probaré una..."
".....","......","......"
"Urrrgh... Acho que Weiss estava certo sobre essas bagas... Parece que alguém me esfaqueou no estômago...","Urrrgh... I think Weiss was right about those berries... Feels like somebody stabbed me in the gut...","Arrrgh... Weiss estaba en lo cierto... Me siento como si me hubieran apuñalado las tripas..."
"Ei, o que há de errado? ...Oh não, não me diga que você comeu uma dessas bagas!?","Hey, what's wrong? ...Oh no, don't tell me you ate one of those berries!?","Eh, ¿qué ocurre? Oh, no. ¡No me digas que te has comido una baya de esas!"
"Pelo amor das árvores, essas coisas são mortais! Rápido, tome esse antídoto antes de perecer!","For the love of trees, those things are deadly! Quick, take this antidote before you perish!","¡Por todos los árboles! ¡Esos frutos son letales! ¡Rápido, tómate este antídoto antes de que no puedas contarlo!"
"Ufa. Pensei que era um goner lá...","Whew. Thought I was a goner there...","Uf. Qué poco ha faltado..."
"Você é um idiota!? Você não viu os caroços? As cores incomuns? Somente uma criança tentaria comer algo assim!","Are you an idiot!? Didn't you see the lumps? The unusual colors? Only a child would attempt to eat something like that!","¡¿Eres tonto o qué?! ¿Es que no te has fijado en la textura ni en los colores? ¡Solo un niño se comería algo así!"
"Uma criança... Ah, droga! Aposto que a criança comeu uma dessas frutas!","A child... Oh, crap! I bet that kid ate one of these berries!","Un niño... ¡Joder, claro! ¡Seguro que ese crío se comió alguna!"
"Sim, muito possivelmente. E se o veneno é tão doloroso para você, só posso imaginar o que faria com uma criança pequena.","Yes, quite possibly. And if the poison is this painful for you, I can only imagine what it would do to a small child.","Es muy probable. Y si el veneno te hace trizas a ti, imagínate a un chiquillo."
"Ei, Kainé? Você tomou o antídoto?","Hey, Kainé? Did you take the antidote?","Oye, Kainé, ¿te has tomado el antídoto?"
"Não precisa. Meu Deus, essas frutas eram incríveis.","Don't need it. God, those berries were amazing.","No me hace falta. ¡Pero qué buenas estaban las bayas, por favor!"
"A coisa realmente incrível é que seu estômago é mais sujo do que o seu gosto por roupas!","The truly amazing thing is that your stomach is fouler than your taste in clothing!","Lo más sorprendente es que tu estómago es incluso peor que tu gusto al vestir..."
"Se você tivesse genitais, eu cortaria agora mesmo.","If you had genitals, I would so chop them off right now.","Si tuvieras genitales, te los cortaba ahora mismo."
"<LIST=1082>Ouça sua fortuna.</LIST><LF><LIST=1063>Recuse a oferta por enquanto.</LIST>","<LIST=1082>Listen to your fortune.</LIST><LF><LIST=1063>Decline the offer for now.</LIST>","<LIST=1082>Escuchar tu futuro.</LIST><LF><LIST=1063>Rechazar la oferta.</LIST>"
,,
"Não tive nenhum sonho ultimamente.","I haven't had any dreams at all lately.","Últimamente no he tenido ningún sueño."
"Aquela grande árvore no coração da vila é conhecida como a Árvore Divina.","That big tree in the heart of the village is known as the Divine Tree.","¿Conoces el Árbol Divino? Es un árbol enorme que tenemos en la aldea."
"Como você tem estado ultimamente? Eu? Estive ótimo.","How've you been lately? Me? I've been doing just great.","¿Cómo te va? ¿A mí? A mí me va de maravilla."
"Uh... obrigado, quem sabe mais tarde.","Uh...thanks, but maybe later.","Oh, gracias, pero quizá más tarde."
"Tudo bem. Volte quando quiser.","Alright. Come back whenever you like.","Muy bien, vuelve cuando quieras."
"Claro, por que não.","Sure, might as well.","Claro, puede que lo haga."
"Oh, que maravilhoso. Muito obrigado!","Oh, how wonderful. Thank you so much!","Vaya, ¡muchas gracias! ¡Muchísimas gracias!"
"Nós somos a grama... As árvores... A floresta...","We are the grass... The trees... The woods...","Somos la hierba... Los árboles... El bosque..."
"......","......","......"
"......","......","......"
"Por que parecemos encontrar apenas pessoas estranhas ultimamente?","Why do we seem to encounter nothing but odd people lately?","¿Cómo es que no dejamos de encontrarnos con gente rara últimamente?"
"Você deveria falar, Weiss.","You should talk, Weiss.","Le dijo la sartén al cazo, Weiss."
"Pah! Como se Grimório Weiss fosse capaz de dizer tal absurdo!","Pah! As if Grimoire Weiss is capable of spouting such nonsense!","¡Bah! ¡Como si Grimoire Weiss fuera capaz de decir tonterías de ese calibre!"
"Espere. Não acho que ainda esteja pronto.","Hang on. I don't think it's done.","Espera. Creo que aún no ha acabado."
"... A entidade sombria que governa todas as memórias.","...The dark entity that governs all memories.","...la entidad oscura que gobierna sobre todos los recuerdos."
"... Que as palavras se formem à sua vontade.","...May the words form themselves to your liking.","Que las palabras se formen a tu gusto..."
"Isso significa que ele nos dirá o que queremos saber? Isso seria bom.","Does that mean it'll tell us what we want to know? That'd be nice.","¿Eso quiere decir que nos va a decir lo queremos saber? Porque estaría muy bien."
